time,open,high,low,close,ema12,ema26
2026.07.23 17:00,4043.24,4061.66,4040.11,4057.83,4085.5403400880,4099.2261802659
2026.07.23 18:00,4057.86,4059.46,4042.26,4048.66,4079.8664416129,4095.4805372833
2026.07.23 19:00,4048.66,4051.78,4045.76,4051.46,4075.4962198263,4092.2197567438
2026.07.23 20:00,4051.52,4054.60,4041.63,4041.83,4070.3168013915,4088.4871821702
2026.07.23 21:00,4041.83,4048.40,4040.67,4046.06,4066.5849857928,4085.3444279353
2026.07.23 22:00,4046.12,4051.19,4042.84,4049.66,4063.9811418247,4082.7011369772
2026.07.24 01:00,4032.03,4050.47,4032.03,4049.55,4061.7609661593,4080.2454972011
2026.07.24 02:00,4049.55,4050.73,4046.56,4047.02,4059.4931252117,4077.7843492602
2026.07.24 03:00,4047.01,4050.82,4041.16,4049.70,4057.9864905638,4075.7040270928
2026.07.24 04:00,4049.65,4050.36,4040.04,4043.58,4055.7701074001,4073.3244695304
2026.07.24 05:00,4043.58,4048.32,4022.93,4024.35,4050.9362447232,4069.6967310467
2026.07.24 06:00,4024.35,4033.66,4022.98,4029.29,4047.6060532273,4066.7036398580
2026.07.24 07:00,4029.18,4030.34,4025.49,4027.00,4044.4358911923,4063.7626294982
2026.07.24 08:00,4027.00,4032.18,4021.82,4023.04,4041.1442156243,4060.7461384242
2026.07.24 09:00,4023.03,4038.94,4022.89,4035.59,4040.2897209129,4058.8827207632
2026.07.24 10:00,4035.60,4053.61,4034.90,4048.40,4041.5374561570,4058.1062229289
2026.07.24 11:00,4048.36,4058.65,4045.02,4057.43,4043.9824629021,4058.0561323415
2026.07.24 12:00,4057.50,4060.76,4051.57,4059.74,4046.4066993787,4058.1808632792
2026.07.24 13:00,4059.79,4063.82,4057.05,4060.04,4048.5041302435,4058.3185771104
2026.07.24 14:00,4060.03,4063.38,4051.35,4057.75,4049.9265717445,4058.2764602874
2026.07.24 15:00,4057.73,4060.06,4051.64,4054.56,4050.6394068607,4058.0011669328
2026.07.24 16:00,4054.15,4068.59,4044.61,4067.24,4053.1933442668,4058.6855249377
2026.07.24 17:00,4067.24,4070.01,4055.90,4063.33,4054.7528297642,4059.0295601275
2026.07.24 18:00,4063.34,4082.04,4061.80,4077.38,4058.2339328774,4060.3888519699
2026.07.24 19:00,4077.43,4078.16,4064.11,4066.98,4059.5794816655,4060.8770851574
2026.07.24 20:00,4067.00,4069.84,4062.85,4063.34,4060.1580229477,4061.0595232938
2026.07.24 21:00,4063.38,4064.51,4051.10,4054.37,4059.2675578788,4060.5640030499
2026.07.24 22:00,4054.38,4057.92,4049.16,4053.67,4058.4063951283,4060.0533361573
2026.07.27 01:00,4088.39,4096.67,4009.11,4089.40,4063.1746420316,4062.2271631086
2026.07.27 02:00,4089.44,4096.25,4083.62,4093.99,4067.9154663344,4064.5799658413
2026.07.27 03:00,4093.90,4116.23,4090.64,4100.77,4072.9700099753,4067.2607091123
2026.07.27 04:00,4100.76,4112.50,4096.87,4110.08,4078.6792392099,4070.4325084373
2026.07.27 05:00,4110.07,4110.94,4093.49,4093.49,4080.9578177930,4072.1404707753
2026.07.27 06:00,4093.49,4095.85,4085.06,4090.96,4082.4966150556,4073.5345099771
2026.07.27 07:00,4090.96,4092.81,4087.01,4090.27,4083.6925204316,4074.7741759047
2026.07.27 08:00,4090.27,4094.78,4084.36,4093.11,4085.1413634422,4076.1323850970
2026.07.27 09:00,4093.14,4099.32,4091.21,4096.07,4086.8226921434,4077.6092454602
2026.07.27 10:00,4095.88,4106.01,4088.42,4088.59,4087.0945856598,4078.4226346853
2026.07.27 11:00,4088.59,4096.86,4087.02,4095.18,4088.3384955583,4079.6639210049
2026.07.27 12:00,4095.18,4100.39,4090.43,4096.08,4089.5294962416,4080.8799268564
2026.07.27 13:00,4095.91,4102.34,4086.43,4099.37,4091.0434198967,4082.2495619041
2026.07.27 14:00,4099.47,4104.12,4093.57,4093.87,4091.4782783742,4083.1103350964
2026.07.27 15:00,4093.82,4097.66,4081.43,4083.71,4090.2831586243,4083.1547547189
2026.07.27 16:00,4083.69,4089.49,4070.36,4074.11,4087.7949803744,4082.4847728879
2026.07.27 17:00,4074.16,4079.03,4065.30,4076.23,4086.0157526245,4082.0214563776
2026.07.27 18:00,4076.21,4079.81,4071.81,4078.37,4084.8394829900,4081.7509781274
2026.07.27 19:00,4078.38,4093.92,4077.66,4082.28,4084.4457163761,4081.7901649328
2026.07.27 20:00,4082.30,4082.30,4070.59,4076.39,4083.2063753952,4081.3901527156
2026.07.27 21:00,4076.40,4079.48,4072.85,4077.93,4082.3946253344,4081.1338451070
2026.07.27 22:00,4077.93,4089.27,4076.05,4083.37,4082.5446829752,4081.2994862102
2026.07.28 01:00,4063.21,4081.42,4063.21,4074.11,4081.2470394406,4080.7669316761
2026.07.28 02:00,4074.09,4074.91,4069.85,4073.24,4080.0151872190,4080.2093811816
2026.07.28 03:00,4073.25,4074.13,4057.39,4057.80,4076.5974661084,4078.5494270200
2026.07.28 04:00,4057.68,4060.18,4042.46,4045.13,4071.7563174763,4076.0739139074
2026.07.28 05:00,4045.14,4049.01,4040.63,4042.00,4067.1784224799,4073.5499202846
2026.07.28 06:00,4041.93,4051.12,4040.28,4049.38,4064.4402036369,4071.7595558191
2026.07.28 07:00,4049.38,4049.57,4041.46,4042.10,4061.0032492312,4069.5625516843
2026.07.28 08:00,4041.99,4046.46,4034.61,4045.18,4058.5689031956,4067.7564367448
2026.07.28 09:00,4045.07,4052.29,4042.75,4048.40,4057.0044565502,4066.3226266155
2026.07.28 10:00,4048.40,4052.38,4046.11,4047.24,4055.5022324655,4064.9090987181
2026.07.28 11:00,4047.24,4055.09,4041.60,4045.42,4053.9511197785,4063.4654617760
2026.07.28 12:00,4045.31,4045.91,4019.32,4023.38,4049.2478705818,4060.4961683111
2026.07.28 13:00,4023.15,4028.51,4016.89,4026.51,4045.7497366462,4057.9786743621
2026.07.28 14:00,4026.34,4032.33,4023.16,4028.07,4043.0297771621,4055.7632170020
2026.07.28 15:00,4028.07,4038.07,4022.92,4029.35,4040.9251960603,4053.8066824092
2026.07.28 16:00,4029.37,4036.03,4020.26,4021.98,4038.0105505125,4051.4491503789
2026.07.28 17:00,4021.96,4033.37,4011.51,4024.41,4035.9181581260,4049.4462503509
2026.07.28 18:00,4024.42,4047.04,4022.15,4045.99,4037.4676722605,4049.1902318063
2026.07.28 19:00,4045.99,4046.50,4036.54,4037.49,4037.4711072973,4048.3235479688
2026.07.28 20:00,4037.67,4041.50,4025.78,4027.84,4035.9893984823,4046.8062481193
2026.07.28 21:00,4027.86,4030.40,4021.66,4022.94,4033.9817987158,4045.0383778882
2026.07.28 22:00,4022.92,4028.00,4021.90,4026.38,4032.8122912211,4043.6562758224
2026.07.29 01:00,4022.84,4028.28,4013.71,4018.20,4030.5642464178,4041.7706257615
2026.07.29 02:00,4018.20,4026.21,4014.96,4024.84,4029.6835931228,4040.5165053347
2026.07.29 03:00,4024.86,4029.87,4017.34,4021.83,4028.4753480270,4039.1323197544
2026.07.29 04:00,4021.83,4030.53,4010.12,4025.82,4028.0668329459,4038.1462219948
2026.07.29 05:00,4025.81,4037.85,4022.94,4029.55,4028.2950124927,4037.5094648100
2026.07.29 06:00,4029.34,4032.74,4023.12,4023.57,4027.5680874938,4036.4769118611
2026.07.29 07:00,4023.56,4027.60,4020.56,4027.20,4027.5114586486,4035.7897332047
2026.07.29 08:00,4027.20,4039.97,4026.60,4032.97,4028.3512342411,4035.5808640785
2026.07.29 09:00,4032.92,4044.69,4032.83,4041.10,4030.3125828194,4035.9896889615
2026.07.29 10:00,4041.09,4047.66,4040.97,4043.72,4032.3752623857,4036.5623045940
2026.07.29 11:00,4043.72,4044.40,4035.60,4037.52,4033.1667604802,4036.6332449945
2026.07.29 12:00,4037.50,4038.28,4031.17,4032.63,4033.0841819448,4036.3367083282
2026.07.29 13:00,4032.58,4034.32,4025.94,4027.38,4032.2066154917,4035.6732484520
2026.07.29 14:00,4027.38,4036.05,4024.92,4032.71,4032.2840592622,4035.4537485667
2026.07.29 15:00,4032.73,4033.35,4009.16,4022.59,4030.7926655296,4034.5008783025
2026.07.29 16:00,4022.59,4026.34,4002.44,4007.24,4027.1691785250,4032.4815539838
2026.07.29 17:00,4007.27,4010.12,3995.92,4004.74,4023.7185356750,4030.4266240591
2026.07.29 18:00,4004.74,4013.77,4003.13,4009.77,4021.5726071096,4028.8965037584
2026.07.29 19:00,4009.95,4032.68,4007.60,4027.24,4022.4445137082,4028.7737997763
2026.07.29 20:00,4027.26,4050.48,4027.13,4043.82,4025.7330500607,4029.8883331262
2026.07.29 21:00,4043.82,4109.62,4041.55,4106.58,4038.1710423591,4035.5691973391
2026.07.29 22:00,4106.71,4116.20,4044.20,4044.59,4039.1585743038,4036.2374049436
2026.07.30 01:00,4027.47,4090.57,4016.39,4088.45,4046.7418705648,4040.1050045774
2026.07.30 02:00,4088.54,4100.37,4084.41,4084.65,4052.5738904779,4043.4046338680
2026.07.30 03:00,4084.69,4086.60,4064.81,4072.18,4055.5902150198,4045.5361424703
2026.07.30 04:00,4072.18,4092.82,4070.15,4084.59,4060.0517204013,4048.4290208059
2026.07.30 05:00,4084.63,4090.31,4063.21,4063.70,4060.6129941857,4049.5602044499
2026.07.30 06:00,4063.54,4070.06,4050.74,4058.80,4060.3340720033,4050.2446337499
2026.07.30 07:00,4058.81,4060.16,4044.20,4045.92,4058.1165224644,4049.9242905092
2026.07.30 08:00,4045.91,4051.24,4028.33,4033.67,4054.3555190083,4048.7202689900
2026.07.30 09:00,4033.67,4040.45,4029.27,4036.71,4051.6408237763,4047.8306194351
2026.07.30 10:00,4036.44,4051.19,4035.31,4038.87,4049.6760816568,4047.1668698474
2026.07.30 11:00,4038.80,4072.73,4036.59,4061.40,4051.4797614019,4048.2211757846
2026.07.30 12:00,4061.42,4073.05,4060.33,4063.34,4053.3044134939,4049.3410886894
2026.07.30 13:00,4063.32,4083.09,4062.96,4078.08,4057.1160421872,4051.4698969347
2026.07.30 14:00,4078.06,4082.85,4075.63,4077.74,4060.2889587738,4053.4158304951
2026.07.30 15:00,4077.72,4086.50,4067.15,4068.88,4061.6106574240,4054.5613245325
2026.07.30 16:00,4068.88,4112.68,4065.01,4112.21,4069.3951716664,4058.8315967893
2026.07.30 17:00,4112.20,4120.29,4087.01,4099.99,4074.1020683331,4061.8803673975
2026.07.30 18:00,4100.04,4110.01,4083.07,4108.13,4079.3371347434,4065.3062661088
2026.07.30 19:00,4108.09,4119.24,4106.59,4110.75,4084.1698832444,4068.6724686193
2026.07.30 20:00,4110.78,4111.27,4098.53,4102.66,4087.0145165914,4071.1900635364
2026.07.30 21:00,4102.69,4107.80,4098.81,4099.79,4088.9799755774,4073.3085773485
2026.07.30 22:00,4099.77,4115.41,4098.80,4111.96,4092.5153639501,4076.1716456930
2026.07.31 01:00,4078.18,4111.19,4069.83,4109.13,4095.0714618039,4078.6130052713
2026.07.31 02:00,4109.13,4111.67,4102.16,4105.85,4096.7296984495,4080.6305604364
2026.07.31 03:00,4105.58,4107.05,4090.41,4094.66,4096.4112833034,4081.6697781819
2026.07.31 04:00,4094.62,4101.39,4081.87,4084.25,4094.5403166413,4081.8609057240
2026.07.31 05:00,4084.31,4090.39,4074.15,4076.05,4091.6956525427,4081.4304682629
2026.07.31 06:00,4076.03,4079.45,4071.97,4074.98,4089.1240136900,4080.9526557990
2026.07.31 07:00,4074.98,4081.40,4073.29,4079.91,4087.7064731223,4080.8754220361
2026.07.31 08:00,4079.91,4083.21,4073.28,4074.26,4085.6377849496,4080.3853907742
2026.07.31 09:00,4074.26,4087.42,4072.75,4077.56,4084.3950488035,4080.1761025687
2026.07.31 10:00,4077.56,4079.13,4067.45,4067.50,4081.7958105261,4079.2371320080
2026.07.31 11:00,4067.46,4067.65,4054.06,4060.92,4078.5841473682,4077.8803074148
2026.07.31 12:00,4060.70,4063.94,4050.17,4055.00,4074.9558170039,4076.1854698286
2026.07.31 13:00,4055.00,4058.25,4051.94,4054.39,4071.7918451571,4074.5709905820
2026.07.31 14:00,4054.25,4060.96,4050.62,4053.59,4068.9915612868,4073.0168431315
2026.07.31 15:00,4053.71,4059.26,4040.41,4040.64,4064.6297826273,4070.6185584551
2026.07.31 16:00,4040.61,4046.81,4021.92,4025.27,4058.5744314539,4067.2594059769
2026.07.31 17:00,4025.27,4050.21,4020.94,4049.13,4057.1214419994,4065.9164870157
2026.07.31 18:00,4049.13,4052.62,4036.55,4045.44,4055.3242970764,4064.3997101997
2026.07.31 19:00,4045.42,4049.86,4041.15,4043.24,4053.4651744493,4062.8323242590
2026.07.31 20:00,4043.23,4054.73,4041.38,4053.46,4053.4643783802,4062.1380780176
2026.07.31 21:00,4053.46,4055.06,4047.16,4050.73,4053.0437047832,4061.2930352015
2026.07.31 22:00,4050.74,4055.54,4046.84,4050.77,4052.6939040473,4060.5135511125
2026.08.03 01:00,4074.21,4078.85,4049.79,4063.47,4054.3517649631,4060.7325473264
2026.08.03 02:00,4063.47,4074.82,4062.99,4074.77,4057.4930318919,4061.7723586355
2026.08.03 03:00,4074.90,4079.24,4055.54,4057.06,4057.4264116008,4061.4232950329
2026.08.03 04:00,4057.09,4063.36,4047.25,4056.54,4057.2900405853,4061.0615694749
2026.08.03 05:00,4056.54,4067.00,4051.93,4062.38,4058.0731112645,4061.1592309953
2026.08.03 06:00,4062.26,4067.87,4059.29,4065.01,4059.1403249161,4061.4444731438
2026.08.03 07:00,4065.04,4071.84,4063.80,4063.85,4059.8648903136,4061.6226603183
2026.08.03 08:00,4063.89,4069.87,4054.12,4068.81,4061.2410610346,4062.1550558503
2026.08.03 09:00,4068.81,4072.07,4060.38,4063.82,4061.6378208754,4062.2783850466
2026.08.03 10:00,4063.82,4065.33,4051.92,4061.04,4061.5458484331,4062.1866528209
2026.08.03 11:00,4060.88,4062.45,4054.23,4059.46,4061.2249486741,4061.9846785379
2026.08.03 12:00,4059.46,4062.21,4046.43,4055.27,4060.3088027243,4061.4872949425
2026.08.03 13:00,4055.27,4057.12,4046.08,4049.38,4058.6274484590,4060.5904582801
2026.08.03 14:00,4049.39,4063.10,4045.35,4062.49,4059.2216871576,4060.7311650741
2026.08.03 15:00,4062.49,4064.65,4042.21,4047.65,4057.4414275949,4059.7621898834
2026.08.03 16:00,4047.65,4053.60,4019.00,4032.30,4053.5735156572,4057.7279535958
2026.08.03 17:00,4031.15,4039.23,4026.62,4036.26,4050.9098978638,4056.1377348109
2026.08.03 18:00,4036.26,4040.95,4030.35,4036.03,4048.6206828078,4054.6482729731
2026.08.03 19:00,4036.14,4039.29,4034.64,4036.91,4046.8190392989,4053.3343268269
2026.08.03 20:00,4036.93,4037.73,4030.27,4030.50,4044.3084178683,4051.6428952101
2026.08.03 21:00,4030.55,4045.05,4029.65,4043.46,4044.1778920424,4051.0367548242
2026.08.03 22:00,4043.46,4055.75,4043.46,4051.83,4045.3551394205,4051.0955137261
2026.08.04 01:00,4017.16,4053.97,4017.16,4052.77,4046.4958872020,4051.2195497464
2026.08.04 02:00,4052.74,4054.98,4050.05,4053.84,4047.6257507094,4051.4136571726
2026.08.04 03:00,4053.79,4069.10,4048.59,4049.14,4047.8587121387,4051.2452381228
2026.08.04 04:00,4049.11,4061.82,4042.45,4058.65,4049.5189102712,4051.7937390025
2026.08.04 05:00,4058.72,4064.98,4055.63,4058.83,4050.9513856141,4052.3149435209
2026.08.04 06:00,4058.79,4061.66,4052.07,4052.45,4051.1819416735,4052.3249477045
2026.08.04 07:00,4052.46,4066.23,4051.02,4063.74,4053.1139506468,4053.1705071338
2026.08.04 08:00,4063.76,4067.72,4057.13,4061.88,4054.4625736242,4053.8156547535
2026.08.04 09:00,4061.88,4066.19,4055.62,4063.40,4055.8375622974,4054.5256062533
2026.08.04 10:00,4063.40,4066.74,4060.83,4065.47,4057.3194757901,4055.3363020864
2026.08.04 11:00,4065.50,4072.80,4054.44,4055.06,4056.9718641301,4055.3158352651
2026.08.04 12:00,4055.02,4055.36,4046.10,4049.74,4055.8592696485,4054.9028104307
2026.08.04 13:00,4049.74,4060.61,4045.51,4053.76,4055.5363050872,4054.8181578062
2026.08.04 14:00,4053.82,4084.15,4052.23,4074.97,4058.5261043046,4056.3108868576
2026.08.04 15:00,4075.16,4084.40,4061.01,4070.86,4060.4236267193,4057.3885989422
2026.08.04 16:00,4070.86,4093.87,4061.26,4083.94,4064.0415303009,4059.3553693909
2026.08.04 17:00,4084.23,4091.83,4074.33,4083.51,4067.0366794854,4061.1446012879
2026.08.04 18:00,4083.49,4088.78,4074.73,4087.18,4070.1356518722,4063.0731493407
2026.08.04 19:00,4087.30,4093.54,4083.08,4093.31,4073.7009361996,4065.3129160562
2026.08.04 20:00,4093.28,4106.35,4086.08,4086.09,4075.6069460150,4066.8519593113
2026.08.04 21:00,4086.08,4088.90,4075.17,4079.85,4076.2597235512,4067.8147771401
2026.08.04 22:00,4079.86,4084.80,4076.28,4078.54,4076.6105353125,4068.6092380926
2026.08.05 01:00,4065.50,4085.73,4054.09,4075.64,4076.4612221875,4069.1300352710
2026.08.05 02:00,4075.79,4077.08,4065.42,4072.41,4075.8379572356,4069.3729956213
2026.08.05 03:00,4072.44,4083.42,4070.30,4082.41,4076.8490407378,4070.3386996493
2026.08.05 04:00,4082.39,4102.47,4077.46,4101.31,4080.6122652397,4072.6328700457
2026.08.05 05:00,4101.32,4135.26,4095.24,4129.17,4088.0826859721,4076.8208055978
2026.08.05 06:00,4128.93,4136.55,4126.68,4128.24,4094.2607342840,4080.6296348128
2026.08.05 07:00,4128.24,4141.27,4128.06,4135.44,4100.5960059327,4084.6896618637
2026.08.05 08:00,4135.40,4172.73,4134.67,4161.36,4109.9443127122,4090.3689461701
2026.08.05 09:00,4161.36,4178.39,4160.06,4177.43,4120.3267261411,4096.8179131205
2026.08.05 10:00,4177.43,4179.44,4162.24,4170.69,4128.0749221194,4102.2899195560
2026.08.05 11:00,4170.80,4172.58,4158.99,4160.46,4133.0572417934,4106.5988144037
2026.08.05 12:00,4160.56,4167.14,4153.06,4157.98,4136.8915122867,4110.4048281516
2026.08.05 13:00,4157.98,4161.51,4150.13,4161.33,4140.6512796272,4114.1770631033
2026.08.05 14:00,4161.17,4192.60,4160.74,4188.76,4148.0526212230,4119.7017250957
2026.08.05 15:00,4188.70,4213.31,4183.02,4183.73,4153.5414487272,4124.4445602738
2026.08.05 16:00,4183.73,4206.75,4183.63,4205.61,4161.5519950768,4130.4568150683
2026.08.05 17:00,4205.58,4247.49,4203.56,4244.13,4174.2563035265,4138.8770509892
2026.08.05 18:00,4244.13,4265.11,4232.17,4232.66,4183.2414875994,4145.8239361011
2026.08.05 19:00,4232.66,4247.34,4224.74,4242.27,4192.3227971995,4152.9680889825
2026.08.05 20:00,4242.30,4252.41,4236.79,4250.22,4201.2300591688,4160.1719342430
2026.08.05 21:00,4250.20,4267.72,4249.10,4260.86,4210.4038962197,4167.6303094843
2026.08.05 22:00,4260.86,4262.10,4246.23,4246.93,4216.0232968013,4173.5043606336
2026.08.06 01:00,4244.09,4253.63,4237.35,4249.95,4221.2427896011,4179.1670005867
2026.08.06 02:00,4249.91,4281.88,4249.02,4277.84,4229.9500527394,4186.4761116543
2026.08.06 03:00,4277.88,4300.17,4264.46,4294.69,4239.9100446257,4194.4919552355
2026.08.06 04:00,4294.69,4302.64,4272.87,4286.51,4247.0792685294,4201.3081066995
2026.08.06 05:00,4286.38,4304.08,4274.76,4278.55,4251.9209195249,4207.0297284255
2026.08.06 06:00,4278.55,4280.93,4260.21,4265.66,4254.0346242134,4211.3727115051
2026.08.06 07:00,4265.69,4267.24,4252.78,4262.22,4255.2939127959,4215.1391773195
2026.08.06 08:00,4262.21,4268.48,4247.10,4267.07,4257.1056185196,4218.9859049255
2026.08.06 09:00,4267.21,4268.56,4249.27,4256.07,4256.9462925935,4221.7328749310
2026.08.06 10:00,4256.10,4265.25,4252.59,4262.66,4257.8253245022,4224.7645138250
2026.08.06 11:00,4262.71,4278.83,4260.22,4278.27,4260.9706591942,4228.7278831713
2026.08.06 12:00,4278.27,4284.67,4271.11,4272.93,4262.8105577797,4232.0021140475
2026.08.06 13:00,4272.92,4273.70,4264.53,4270.77,4264.0350873520,4234.8738093032
2026.08.06 14:00,4270.87,4273.34,4254.14,4263.20,4263.9066123748,4236.9720456511
2026.08.06 15:00,4263.20,4271.00,4249.04,4250.15,4261.7902104710,4237.9481904177
2026.08.06 16:00,4250.14,4274.15,4230.62,4266.92,4262.5794088601,4240.0942503868
2026.08.06 17:00,4266.99,4275.28,4260.15,4272.96,4264.1764228816,4242.5287503581
2026.08.06 18:00,4273.02,4274.33,4229.51,4233.69,4259.4862039767,4241.8740281094
2026.08.06 19:00,4233.71,4243.11,4223.33,4241.39,4256.7021725957,4241.8381741754
2026.08.06 20:00,4241.42,4248.11,4238.38,4247.15,4255.2326075810,4242.2316427550
2026.08.06 21:00,4247.31,4249.63,4240.72,4243.43,4253.4168217993,4242.3204099583
2026.08.06 22:00,4243.43,4251.27,4232.95,4248.72,4252.6942338302,4242.7944536651
2026.08.07 01:00,4220.77,4243.37,4220.77,4240.50,4250.8181978563,4242.6244941343
2026.08.07 02:00,4240.17,4252.94,4240.00,4252.08,4251.0123212630,4243.3249019762
2026.08.07 03:00,4252.11,4252.71,4229.56,4232.66,4248.1888872226,4242.5349092373
2026.08.07 04:00,4232.64,4259.14,4231.61,4256.56,4249.4767507268,4243.5738048493
2026.08.07 05:00,4256.62,4261.67,4246.82,4250.28,4249.6003275380,4244.0705600457
2026.08.07 06:00,4250.28,4266.28,4249.38,4265.99,4252.1218156091,4245.6942222645
2026.08.07 07:00,4265.95,4268.95,4260.50,4264.76,4254.0661516692,4247.1065020968
2026.08.07 08:00,4264.83,4280.38,4261.67,4278.48,4257.8221283355,4249.4304649044
2026.08.07 09:00,4278.58,4298.59,4278.22,4297.04,4263.8556470531,4252.9570971337
2026.08.07 10:00,4297.07,4297.77,4282.76,4289.93,4267.8670859680,4255.6958306794
2026.08.07 11:00,4289.93,4316.52,4288.90,4306.01,4273.7352265883,4259.4228061846
2026.08.07 12:00,4306.00,4320.87,4302.19,4315.88,4280.2190378824,4263.6048205413
2026.08.07 13:00,4315.88,4320.54,4307.96,4316.65,4285.8238012851,4267.5340930938
2026.08.07 14:00,4316.65,4327.71,4316.63,4321.05,4291.2432164720,4271.4982343461
2026.08.07 15:00,4320.84,4371.74,4300.97,4361.30,4302.0211831687,4278.1502169871
2026.08.07 16:00,4361.39,4367.73,4338.97,4348.05,4309.1025396042,4283.3279786918
2026.08.07 17:00,4348.03,4352.72,4327.22,4341.47,4314.0821488959,4287.6347950850
2026.08.07 18:00,4341.42,4358.31,4339.68,4340.89,4318.2064336811,4291.5796250787
2026.08.07 19:00,4340.87,4349.45,4328.99,4329.00,4319.8669823456,4294.3515047025
2026.08.07 20:00,4328.99,4342.98,4327.75,4340.06,4322.9736004463,4297.7373191690
2026.08.07 21:00,4340.07,4342.93,4332.06,4335.39,4324.8838157622,4300.5264066379
2026.08.07 22:00,4335.42,4350.33,4335.27,4343.88,4327.8063056450,4303.7377839240
2026.08.10 01:00,4336.25,4350.02,4307.72,4341.18,4329.8637970842,4306.5112814111
2026.08.10 02:00,4341.33,4348.91,4331.83,4332.65,4330.2924436866,4308.4474827881
2026.08.10 03:00,4332.46,4346.88,4330.61,4331.87,4330.5351446579,4310.1824840630
2026.08.10 04:00,4331.93,4340.58,4313.07,4322.25,4329.2605070182,4311.0763741324
2026.08.10 05:00,4322.25,4332.15,4318.42,4319.38,4327.7404290154,4311.6914575300
2026.08.10 06:00,4319.38,4329.80,4317.55,4326.55,4327.5572860900,4312.7920903056
2026.08.10 07:00,4326.55,4339.33,4322.85,4339.22,4329.3515497684,4314.7497132459
2026.08.10 08:00,4339.29,4352.02,4331.32,4347.15,4332.0897728810,4317.1497344870
2026.08.10 09:00,4347.23,4359.68,4341.84,4357.95,4336.0682693608,4320.1719763768
2026.08.10 10:00,4357.87,4361.88,4350.01,4355.24,4339.0177663822,4322.7696077563
2026.08.10 11:00,4355.24,4356.52,4343.69,4346.47,4340.1642638619,4324.5251923670
2026.08.10 12:00,4346.47,4349.82,4340.44,4341.03,4340.2974540370,4325.7477707101
2026.08.10 13:00,4341.03,4344.08,4335.25,4335.52,4339.5624611082,4326.4716395464
2026.08.10 14:00,4335.55,4339.18,4328.78,4334.91,4338.8466978608,4327.0967032837
2026.08.10 15:00,4334.82,4337.41,4323.99,4332.31,4337.8410520361,4327.4828734109
2026.08.10 16:00,4332.31,4339.86,4316.47,4317.75,4334.7501209536,4326.7619198249
2026.08.10 17:00,4317.75,4351.76,4317.74,4345.32,4336.3762561915,4328.1365924304
2026.08.10 18:00,4345.57,4359.37,4343.09,4358.27,4339.7445244697,4330.3686966948
2026.08.10 19:00,4358.31,4364.64,4349.38,4356.76,4342.3622899359,4332.3236080508
2026.08.10 20:00,4356.76,4365.37,4351.61,4360.16,4345.1003991766,4334.3855630100
2026.08.10 21:00,4360.16,4382.91,4359.76,4378.38,4350.2203377648,4337.6444101944
2026.08.10 22:00,4378.31,4395.18,4378.31,4388.19,4356.0618242625,4341.3885279578
2026.08.11 01:00,4382.37,4400.66,4352.16,4399.55,4362.7523128375,4345.6967851461
2026.08.11 02:00,4399.55,4402.66,4394.46,4402.06,4368.7996493240,4349.8718380983
2026.08.11 03:00,4402.07,4419.08,4396.10,4409.22,4375.0181648126,4354.2679982391
2026.08.11 04:00,4409.69,4434.09,4393.48,4429.66,4383.4246009953,4359.8525909622
2026.08.11 05:00,4429.66,4435.21,4407.88,4410.70,4387.6208162268,4363.6190657057
2026.08.11 06:00,4410.65,4421.47,4409.69,4416.75,4392.1022291150,4367.5546904682
2026.08.11 07:00,4416.74,4420.15,4403.12,4408.69,4394.6541938665,4370.6017504336
2026.08.11 08:00,4408.69,4408.83,4367.47,4375.30,4391.6766255794,4370.9497689200
2026.08.11 09:00,4375.33,4382.43,4359.39,4366.12,4387.7448370287,4370.5920082592
2026.08.11 10:00,4366.07,4367.52,4356.59,4357.47,4383.0871697935,4369.6200076474
2026.08.11 11:00,4357.47,4376.60,4356.78,4369.04,4380.9260667484,4369.5770441180
2026.08.11 12:00,4369.04,4375.45,4367.43,4372.25,4379.5912872486,4369.7750408500
2026.08.11 13:00,4372.25,4382.49,4371.05,4382.25,4380.0003199796,4370.6991118981
2026.08.11 14:00,4382.25,4392.84,4380.36,4387.58,4381.1664245981,4371.9495480538
2026.08.11 15:00,4387.57,4400.10,4383.76,4392.27,4382.8746669676,4373.4547667165
2026.08.11 16:00,4392.27,4404.01,4384.51,4388.92,4383.8047182034,4374.6003395523
2026.08.11 17:00,4388.94,4397.88,4381.07,4394.03,4385.3778384798,4376.0395736596
2026.08.11 18:00,4394.12,4398.66,4368.98,4383.66,4385.1135556367,4376.6040496848
2026.08.11 19:00,4383.68,4385.66,4378.33,4383.31,4384.8360855388,4377.1007867452
2026.08.11 20:00,4383.23,4385.67,4368.89,4369.09,4382.4136108405,4376.5073951344
2026.08.11 21:00,4369.09,4372.62,4360.11,4371.46,4380.7284399420,4376.1335140133
2026.08.11 22:00,4371.33,4374.10,4361.27,4370.61,4379.1717568740,4375.7243648272
2026.08.12 01:00,4367.51,4378.31,4355.96,4368.94,4377.5976404318,4375.2218192844
2026.08.12 02:00,4369.21,4374.52,4362.39,4371.45,4376.6518495962,4374.9424252633
2026.08.12 03:00,4371.47,4383.57,4366.29,4380.44,4377.2346419660,4375.3496530216
2026.08.12 04:00,4380.44,4397.34,4378.27,4396.31,4380.1693124328,4376.9022713163
2026.08.12 05:00,4396.35,4414.48,4394.12,4411.18,4384.9401874431,4379.4413623299
2026.08.12 06:00,4411.18,4416.07,4400.57,4402.23,4387.6001586057,4381.1294095647
2026.08.12 07:00,4402.24,4403.19,4395.42,4400.93,4389.6509034356,4382.5961199674
2026.08.12 08:00,4400.94,4404.76,4383.82,4390.74,4389.8184567532,4383.1993703401
2026.08.12 09:00,4390.78,4406.28,4385.07,4403.35,4391.9002326373,4384.6920095742
2026.08.12 10:00,4403.36,4409.97,4398.13,4406.13,4394.0894276162,4386.2800088650
2026.08.12 11:00,4406.13,4410.43,4401.66,4401.72,4395.2633618291,4387.4237119120
2026.08.12 12:00,4401.75,4424.15,4401.72,4415.77,4398.4182292400,4389.5234369556
2026.08.12 13:00,4415.77,4420.91,4407.23,4412.63,4400.6046555108,4391.2350342181
2026.08.12 14:00,4412.64,4416.69,4407.76,4412.70,4402.4654777399,4392.8250316835
2026.08.12 15:00,4412.68,4438.23,4381.56,4437.11,4407.7954042414,4396.1053997069
2026.08.12 16:00,4437.09,4441.09,4408.28,4427.56,4410.8361112812,4398.4353700990
2026.08.12 17:00,4427.56,4439.63,4416.22,4422.06,4412.5628633918,4400.1853426843
2026.08.12 18:00,4422.07,4430.09,4410.85,4420.99,4413.8593459469,4401.7264284113
2026.08.12 19:00,4420.97,4426.40,4396.39,4401.50,4411.9579081089,4401.7096559364
2026.08.12 20:00,4401.53,4411.45,4398.87,4399.27,4410.0059222460,4401.5289406819
2026.08.12 21:00,4398.99,4417.86,4396.31,4413.04,4410.4727034389,4402.3816117425
2026.08.12 22:00,4413.04,4418.36,4408.09,4413.76,4410.9784413714,4403.2244553171
2026.08.13 01:00,4403.56,4409.89,4360.52,4402.22,4409.6309888527,4403.1500512195
2026.08.13 02:00,4401.52,4414.47,4401.52,4414.37,4410.3600674908,4403.9811585366
2026.08.13 03:00,4414.16,4449.63,4412.95,4427.89,4413.0569801845,4405.7521838302
2026.08.13 04:00,4427.63,4435.32,4406.23,4408.43,4412.3451370792,4405.9505405835
2026.08.13 05:00,4408.40,4414.01,4398.68,4407.06,4411.5320390670,4406.0327227625
2026.08.13 06:00,4407.06,4412.15,4398.65,4400.16,4409.7824945952,4405.5977062616
2026.08.13 07:00,4400.16,4400.29,4391.47,4397.75,4407.9313415805,4405.0163946867
2026.08.13 08:00,4397.69,4407.23,4380.33,4382.96,4404.0895967220,4403.3825876728
2026.08.13 09:00,4382.93,4385.51,4368.75,4380.87,4400.5173510724,4401.7149885860
2026.08.13 10:00,4380.86,4381.67,4369.21,4369.87,4395.8023739844,4399.3561005426
2026.08.13 11:00,4369.86,4379.22,4364.05,4375.83,4392.7297010637,4397.6134264283
2026.08.13 12:00,4375.86,4384.83,4372.39,4384.47,4391.4589778231,4396.6398392855
2026.08.13 13:00,4384.53,4393.76,4381.38,4392.08,4391.5545196965,4396.3020734125
2026.08.13 14:00,4392.10,4396.51,4382.72,4387.61,4390.9476705124,4395.6582161226
2026.08.13 15:00,4387.63,4401.90,4380.72,4401.77,4392.6126442797,4396.1109408543
2026.08.13 16:00,4401.85,4402.17,4370.67,4372.62,4389.5368528521,4394.3708711614
2026.08.13 17:00,4372.76,4386.96,4357.53,4383.67,4388.6342601056,4393.5782140383
2026.08.13 18:00,4383.69,4385.67,4357.44,4365.09,4385.0120662432,4391.4679759614
2026.08.13 19:00,4365.13,4368.39,4351.08,4366.96,4382.2348252827,4389.6525703346
2026.08.13 20:00,4366.90,4373.29,4355.53,4355.91,4378.1848521623,4387.1531206802
2026.08.13 21:00,4355.90,4363.51,4354.65,4356.94,4374.9164133681,4384.9151117409
2026.08.13 22:00,4356.98,4358.86,4343.58,4350.10,4371.0985036192,4382.3362145750
2026.08.14 01:00,4340.87,4362.77,4339.71,4354.61,4368.5618107547,4380.2824209027
2026.08.14 02:00,4354.61,4364.09,4349.13,4356.35,4366.6830706386,4378.5096489840
2026.08.14 03:00,4356.22,4362.02,4329.09,4340.96,4362.7256751557,4375.7281935037
2026.08.14 04:00,4340.92,4341.40,4312.11,4318.14,4355.8663405164,4371.4624013923
2026.08.14 05:00,4318.14,4322.86,4310.73,4315.62,4349.6745958215,4367.3259272151
2026.08.14 06:00,4315.71,4328.24,4313.67,4323.46,4345.6415810798,4364.0765992733
2026.08.14 07:00,4323.43,4328.02,4322.69,4326.91,4342.7597993752,4361.3235178456
2026.08.14 08:00,4326.86,4333.45,4310.93,4333.44,4341.3259840867,4359.2580720793
2026.08.14 09:00,4333.62,4336.59,4327.87,4335.54,4340.4358326887,4357.5011778512
2026.08.14 10:00,4335.55,4345.22,4329.74,4343.63,4340.9272430443,4356.4736831955
2026.08.14 11:00,4343.68,4349.67,4341.84,4348.61,4342.1092056529,4355.8911881440
2026.08.14 12:00,4348.61,4357.46,4346.04,4357.15,4344.4231740140,4355.9844334667
2026.08.14 13:00,4357.16,4358.65,4348.22,4349.30,4345.1734549349,4355.4892902469
2026.08.14 14:00,4349.33,4369.42,4348.33,4369.20,4348.8698464834,4356.5048983768
2026.08.14 15:00,4369.23,4386.74,4365.64,4373.65,4352.6821777936,4357.7749059044
2026.08.14 16:00,4373.69,4396.87,4370.18,4384.41,4357.5633812100,4359.7478758374
2026.08.14 17:00,4384.53,4394.68,4378.82,4381.43,4361.2351687162,4361.3539591087
2026.08.14 18:00,4381.43,4394.74,4378.86,4391.56,4365.9005273752,4363.5914436192
2026.08.14 19:00,4391.58,4396.60,4380.22,4385.88,4368.9742923944,4365.2424477956
2026.08.14 20:00,4385.95,4386.44,4376.28,4378.43,4370.4290166414,4366.2193035144
2026.08.14 21:00,4378.45,4382.74,4370.71,4373.48,4370.8983986966,4366.7571328837
2026.08.14 22:00,4373.48,4379.88,4372.10,4376.00,4371.6832604356,4367.4417897071
2026.08.17 01:00,4375.27,4386.84,4276.43,4385.89,4373.8689126763,4368.8083238029
2026.08.17 02:00,4385.92,4386.23,4367.16,4370.25,4373.3121568799,4368.9151146323
2026.08.17 03:00,4370.28,4402.05,4368.00,4400.71,4377.5272096676,4371.2702913262
2026.08.17 04:00,4400.71,4416.33,4391.92,4395.63,4380.3122543341,4373.0747141909
2026.08.17 05:00,4395.58,4398.19,4388.16,4393.08,4382.2765228981,4374.5565872138
2026.08.17 06:00,4393.11,4397.61,4387.87,4397.02,4384.5447501446,4376.2205437165
2026.08.17 07:00,4397.06,4399.49,4388.87,4390.71,4385.4932501223,4377.2938367746
2026.08.17 08:00,4390.71,4401.24,4386.92,4394.75,4386.9173654881,4378.5868859024
2026.08.17 09:00,4394.83,4404.49,4392.69,4403.04,4389.3977707976,4380.3982276874
2026.08.17 10:00,4403.04,4411.32,4395.95,4405.18,4391.8258060595,4382.2339145253
2026.08.17 11:00,4405.21,4405.21,4392.51,4395.00,4392.3141435888,4383.1795504864
2026.08.17 12:00,4394.99,4400.58,4392.43,4395.56,4392.8135061136,4384.0966208208
2026.08.17 13:00,4395.58,4405.69,4391.76,4398.97,4393.7606590192,4385.1983526118
2026.08.17 14:00,4399.10,4404.89,4395.36,4396.67,4394.2082499393,4386.0481042702
2026.08.17 15:00,4396.66,4398.82,4377.17,4384.89,4392.7746730256,4385.9623187687
2026.08.17 16:00,4384.90,4416.20,4381.83,4408.65,4395.2170310217,4387.6428877488
2026.08.17 17:00,4408.48,4427.62,4403.71,4417.30,4398.6144108645,4389.8397108785
2026.08.17 18:00,4417.30,4427.81,4415.13,4427.50,4403.0583476546,4392.6293619246
2026.08.17 19:00,4427.64,4428.83,4422.41,4424.24,4406.3170634000,4394.9708906709
2026.08.17 20:00,4424.24,4426.13,4411.20,4413.68,4407.4498228769,4396.3567506212
2026.08.17 21:00,4413.69,4416.13,4398.14,4406.62,4407.3221578189,4397.1169913159
2026.08.17 22:00,4406.60,4420.96,4400.23,4419.68,4409.2233643083,4398.7883252925
2026.08.18 01:00,4406.60,4418.43,4405.48,4411.74,4409.6105390301,4399.7477086042
2026.08.18 02:00,4411.91,4426.03,4409.66,4425.93,4412.1212253332,4401.6871375965
2026.08.18 03:00,4425.92,4434.93,4418.95,4434.64,4415.5856522050,4404.1280903671
2026.08.18 04:00,4434.34,4436.15,4404.07,4407.99,4414.4170903273,4404.4141577473
2026.08.18 05:00,4407.93,4408.13,4394.05,4399.86,4412.1775379693,4404.0768127290
2026.08.18 06:00,4399.85,4404.06,4390.57,4391.75,4409.0348398201,4403.1637154898
2026.08.18 07:00,4391.79,4395.40,4388.76,4393.56,4406.6540952324,4402.4523291572
2026.08.18 08:00,4393.58,4397.46,4385.90,4394.19,4404.7365421198,4401.8403047752
2026.08.18 09:00,4394.19,4400.15,4387.49,4398.77,4403.8186125629,4401.6128747919
2026.08.18 10:00,4398.77,4403.64,4395.43,4395.58,4402.5511337070,4401.1659951777
2026.08.18 11:00,4395.58,4398.60,4386.83,4393.21,4401.1140362136,4400.5766622015
2026.08.18 12:00,4393.23,4394.96,4386.97,4393.29,4399.9103383346,4400.0369094459
2026.08.18 13:00,4393.29,4399.57,4389.63,4397.59,4399.5533632062,4399.8556568943
2026.08.18 14:00,4397.59,4399.04,4388.57,4395.91,4398.9928457899,4399.5633860133
2026.08.18 15:00,4395.91,4400.78,4389.47,4394.18,4398.2524079761,4399.1646166789
2026.08.18 16:00,4394.15,4406.56,4376.11,4394.46,4397.6689605951,4398.8161265546
2026.08.18 17:00,4394.46,4406.53,4363.72,4366.58,4392.8860435805,4396.4282653283
2026.08.18 18:00,4366.54,4377.60,4351.50,4364.74,4388.5558830296,4394.0809864151
2026.08.18 19:00,4364.87,4371.61,4362.99,4363.79,4384.7457471789,4391.8372096436
2026.08.18 20:00,4363.63,4368.27,4356.58,4357.68,4380.5817860745,4389.3070459663
2026.08.18 21:00,4357.68,4360.98,4352.63,4354.20,4376.5230497553,4386.7065240429
2026.08.18 22:00,4354.24,4358.64,4338.24,4345.50,4371.7502728699,4383.6541889286
2026.08.19 01:00,4316.78,4343.31,4314.80,4333.74,4365.9025385822,4379.9568416005
2026.08.19 02:00,4333.74,4338.23,4327.01,4332.92,4360.8283018773,4376.4726311116
2026.08.19 03:00,4332.77,4347.09,4331.49,4337.91,4357.3024092808,4373.6161399182
2026.08.19 04:00,4337.79,4357.52,4324.46,4356.44,4357.1697309299,4372.3438332576
2026.08.19 05:00,4356.41,4362.00,4351.44,4354.92,4356.8236184791,4371.0531789422
2026.08.19 06:00,4354.92,4360.33,4351.78,4354.96,4356.5369079439,4369.8610916131
2026.08.19 07:00,4355.12,4356.21,4343.77,4348.46,4355.2943067217,4368.2758255677
2026.08.19 08:00,4348.44,4350.67,4335.02,4335.58,4352.2613364569,4365.8539125627
2026.08.19 09:00,4335.60,4349.38,4335.21,4349.02,4351.7626693096,4364.6069560766
2026.08.19 10:00,4349.05,4363.17,4347.40,4354.78,4352.2268740312,4363.8790334042
2026.08.19 11:00,4354.81,4363.14,4350.99,4355.60,4352.7458164880,4363.2657716706
2026.08.19 12:00,4355.58,4361.94,4353.40,4361.88,4354.1510754898,4363.1631219172
2026.08.19 13:00,4362.03,4369.49,4359.53,4367.20,4356.1586023375,4363.4621499233
2026.08.19 14:00,4367.27,4374.03,4363.15,4364.59,4357.4557404395,4363.5456943735
2026.08.19 15:00,4364.57,4442.38,4361.97,4438.64,4369.9456265257,4369.1082355310
2026.08.19 16:00,4438.64,4466.19,4424.10,4459.65,4383.7462993679,4375.8150328991
2026.08.19 17:00,4459.49,4498.49,4455.04,4488.01,4399.7868686959,4384.1257712028
2026.08.19 18:00,4487.97,4494.37,4478.09,4493.77,4414.2458119735,4392.2475659286
2026.08.19 19:00,4493.76,4499.34,4490.54,4493.34,4426.4141485929,4399.7358943783
2026.08.19 20:00,4493.53,4499.07,4484.26,4486.92,4435.7227411171,4406.1939762762
2026.08.19 21:00,4486.99,4496.76,4472.16,4494.97,4444.8377040222,4412.7699780335
2026.08.19 22:00,4494.96,4512.06,4494.27,4511.08,4455.0288264803,4420.0522018829
2026.08.20 01:00,4489.31,4526.85,4489.31,4518.81,4464.8413147141,4427.3675943360
2026.08.20 02:00,4518.82,4523.58,4511.28,4511.69,4472.0488047581,4433.6136984593
2026.08.20 03:00,4511.71,4521.13,4503.73,4504.58,4477.0536040261,4438.8704615364
2026.08.20 04:00,4504.51,4510.12,4484.39,4489.70,4478.9992034067,4442.6356125337
2026.08.20 05:00,4489.75,4499.63,4488.53,4490.65,4480.7916336518,4446.1922338275
2026.08.20 06:00,4490.65,4501.19,4488.04,4498.81,4483.5636900131,4450.0898461365
2026.08.20 07:00,4498.81,4499.20,4486.20,4488.42,4484.3108146264,4452.9291167931
2026.08.20 08:00,4488.46,4493.92,4477.76,4481.27,4483.8429969916,4455.0284414751
2026.08.20 09:00,4481.22,4495.83,4479.96,4493.76,4485.3686897621,4457.8974458103
2026.08.20 10:00,4493.61,4494.27,4483.42,4490.86,4486.2135067218,4460.3391164910
2026.08.20 11:00,4490.83,4498.70,4487.06,4489.24,4486.6791210723,4462.4799226768
2026.08.20 12:00,4489.28,4494.12,4481.76,4482.58,4486.0484870612,4463.9688172934
2026.08.20 13:00,4482.55,4494.77,4480.68,4490.12,4486.6748736671,4465.9059419383
2026.08.20 14:00,4490.10,4491.25,4465.39,4466.98,4483.6448931030,4465.9855017947
2026.08.20 15:00,4467.04,4477.10,4450.54,4474.75,4482.2764480102,4466.6347238840
2026.08.20 16:00,4474.79,4489.33,4469.28,4481.56,4482.1662252394,4467.7402998926
2026.08.20 17:00,4481.58,4516.24,4480.79,4515.89,4487.3544982795,4471.3069443450
2026.08.20 18:00,4515.90,4540.91,4509.84,4521.65,4492.6307293134,4475.0360595787
2026.08.20 19:00,4521.62,4524.77,4502.63,4509.90,4495.2875401883,4477.6185736840
2026.08.20 20:00,4510.02,4520.46,4507.68,4519.91,4499.0756109285,4480.7512719296
2026.08.20 21:00,4519.92,4525.29,4508.24,4522.02,4502.6055169395,4483.8082147496
2026.08.20 22:00,4522.02,4532.16,4518.05,4528.48,4506.5862066411,4487.1172358793
2026.08.21 01:00,4508.30,4524.42,4508.30,4524.04,4509.2714056194,4489.8522554438
2026.08.21 02:00,4523.92,4532.66,4520.64,4526.19,4511.8742662934,4492.5439402257
2026.08.21 03:00,4526.19,4527.33,4509.64,4510.39,4511.6459176328,4493.8658705794
2026.08.21 04:00,4510.38,4543.53,4508.65,4530.55,4514.5542379970,4496.5832134994
2026.08.21 05:00,4530.44,4542.87,4518.07,4533.69,4517.4982013821,4499.3318643513
2026.08.21 06:00,4533.62,4538.34,4526.60,4535.31,4520.2384780925,4501.9969114364
2026.08.21 07:00,4535.50,4547.93,4535.33,4540.56,4523.3648660783,4504.8534365152
2026.08.21 08:00,4540.51,4556.18,4529.08,4553.56,4528.0102712970,4508.4613301067
2026.08.21 09:00,4553.57,4567.54,4545.47,4560.82,4533.0579218667,4512.3397500988
2026.08.21 10:00,4560.82,4568.02,4558.37,4564.34,4537.8705492718,4516.1916204618
2026.08.21 11:00,4564.46,4584.93,4559.10,4584.10,4544.9827724608,4521.2218707980
2026.08.21 12:00,4584.11,4601.97,4580.29,4582.58,4550.7669613130,4525.7669174055
2026.08.21 13:00,4582.58,4594.04,4577.81,4588.47,4556.5674288033,4530.4115901903
2026.08.21 14:00,4588.40,4604.57,4587.14,4597.06,4562.7970551412,4535.3485094355
2026.08.21 15:00,4597.05,4601.54,4563.36,4577.89,4565.1190466580,4538.4997309588
2026.08.21 16:00,4577.85,4592.93,4573.22,4580.99,4567.5607317875,4541.6471582952
2026.08.21 17:00,4580.90,4603.61,4579.75,4591.51,4571.2452345894,4545.3407021251
2026.08.21 18:00,4591.70,4615.28,4587.12,4614.50,4577.8998138834,4550.4636130788
2026.08.21 19:00,4614.50,4629.13,4608.98,4628.76,4585.7244579013,4556.2633454434
2026.08.21 20:00,4628.84,4632.14,4615.12,4620.45,4591.0668489934,4561.0179124476
2026.08.21 21:00,4620.52,4627.62,4619.45,4624.37,4596.1904106867,4565.7106596737
2026.08.21 22:00,4624.37,4625.49,4615.56,4617.03,4599.3965013503,4569.5120922904
2026.08.24 01:00,4608.10,4623.42,4605.87,4605.94,4600.4031934503,4572.2104558245
2026.08.24 02:00,4606.07,4624.43,4604.47,4623.96,4604.0273175348,4576.0437553930
2026.08.24 03:00,4624.18,4640.80,4594.42,4621.57,4606.7261917603,4579.4160698084
2026.08.24 04:00,4621.67,4637.53,4607.85,4632.08,4610.6267776433,4583.3171016744
2026.08.24 05:00,4631.97,4656.76,4627.41,4643.59,4615.6980426212,4587.7817608096
2026.08.24 06:00,4643.58,4650.12,4633.24,4641.54,4619.6737283718,4591.7638526015
2026.08.24 07:00,4641.50,4642.53,4632.21,4638.77,4622.6116163146,4595.2457894459
2026.08.24 08:00,4638.82,4646.45,4629.56,4640.80,4625.4098291893,4598.6201754128
2026.08.24 09:00,4640.69,4659.80,4639.29,4649.99,4629.1913939294,4602.4253476045
2026.08.24 10:00,4650.03,4654.60,4629.95,4641.56,4631.0942564018,4605.3242107449
2026.08.24 11:00,4641.66,4646.15,4628.60,4637.84,4632.1320631092,4607.7327877267
2026.08.24 12:00,4637.87,4645.94,4632.79,4645.82,4634.2378995540,4610.5540627099
2026.08.24 13:00,4645.89,4650.06,4641.67,4643.32,4635.6351457764,4612.9811691759
2026.08.24 14:00,4643.18,4670.35,4639.03,4657.84,4639.0512771954,4616.3040455332
2026.08.24 15:00,4657.82,4668.73,4645.25,4662.75,4642.6972345500,4619.7444866048
2026.08.24 16:00,4662.69,4680.90,4655.97,4664.56,4646.0607369269,4623.0641542637
2026.08.24 17:00,4664.68,4678.66,4654.97,4670.30,4649.7898543228,4626.5631057998
2026.08.24 18:00,4670.32,4679.44,4639.81,4648.98,4649.6652613500,4628.2236164813
2026.08.24 19:00,4648.98,4662.22,4641.91,4644.84,4648.9229134500,4629.4544597049
2026.08.24 20:00,4644.87,4655.28,4630.00,4636.55,4647.0193883039,4629.9800552823
2026.08.24 21:00,4636.55,4642.22,4624.87,4636.56,4645.4102516417,4630.4674585947
2026.08.24 22:00,4636.52,4655.90,4635.88,4651.47,4646.3425206199,4632.0232024025
2026.08.25 01:00,4648.89,4668.29,4601.08,4667.51,4649.5990559092,4634.6518540764
2026.08.25 02:00,4667.72,4682.80,4666.79,4679.72,4654.2330473078,4637.9902352559
2026.08.25 03:00,4679.83,4696.73,4675.24,4684.30,4658.8587323373,4641.4205881999
2026.08.25 04:00,4684.09,4686.82,4656.43,4657.89,4658.7096965931,4642.6405446296
2026.08.25 05:00,4657.73,4661.40,4616.28,4629.45,4654.2082048096,4641.6634672496
2026.08.25 06:00,4629.44,4641.28,4622.10,4633.58,4651.0346348389,4641.0646918978
2026.08.25 07:00,4633.61,4637.74,4623.61,4625.86,4647.1616140944,4639.9384184239
2026.08.25 08:00,4625.86,4647.81,4624.00,4642.90,4646.5059811568,4640.1577948369
2026.08.25 09:00,4642.92,4653.44,4636.90,4638.27,4645.2389071327,4640.0179581823
2026.08.25 10:00,4638.28,4643.69,4629.62,4630.11,4642.9113829584,4639.2840353540
2026.08.25 11:00,4630.13,4645.25,4620.02,4630.28,4640.9680932725,4638.6170697722
2026.08.25 12:00,4630.22,4642.49,4623.98,4636.23,4640.2391558460,4638.4402497891
2026.08.25 13:00,4636.23,4642.33,4632.78,4639.08,4640.0608241774,4638.4876386936
2026.08.25 14:00,4639.16,4647.33,4636.25,4642.36,4640.4145435347,4638.7744802719
2026.08.25 15:00,4642.41,4644.19,4630.09,4640.71,4640.4599983755,4638.9178521036
2026.08.25 16:00,4640.61,4641.18,4605.18,4616.30,4636.7430755485,4637.2424556515
2026.08.25 17:00,4615.89,4640.02,4613.05,4635.50,4636.5518331564,4637.1133848625
2026.08.25 18:00,4635.51,4659.30,4629.28,4652.66,4639.0300126708,4638.2649859838
2026.08.25 19:00,4652.67,4653.33,4636.99,4643.46,4639.7115491830,4638.6498018368
2026.08.25 20:00,4643.45,4648.37,4634.14,4648.34,4641.0390031549,4639.3675942933
2026.08.25 21:00,4648.33,4655.00,4644.17,4654.51,4643.1114642080,4640.4892539753
2026.08.25 22:00,4654.51,4668.07,4653.23,4666.92,4646.7743158683,4642.4470870142
2026.08.26 01:00,4652.17,4673.54,4626.74,4672.49,4650.7305749655,4644.6724879761
2026.08.26 02:00,4672.49,4673.31,4653.11,4654.76,4651.3504865092,4645.4197110890
2026.08.26 03:00,4654.76,4657.74,4634.26,4637.37,4649.1996424309,4644.8234361935
2026.08.26 04:00,4637.42,4660.75,4629.39,4656.91,4650.3858512877,4645.7187372162
2026.08.26 05:00,4656.94,4670.64,4654.76,4658.29,4651.6018741665,4646.6499418669
2026.08.26 06:00,4658.28,4658.62,4642.46,4642.58,4650.2138935255,4646.3484646915
2026.08.26 07:00,4642.58,4644.33,4638.69,4640.49,4648.7179099062,4645.9145043440
2026.08.26 08:00,4640.55,4649.41,4635.28,4639.58,4647.3120776129,4645.4452818000
2026.08.26 09:00,4639.54,4641.28,4624.56,4634.15,4645.2871425956,4644.6085942593
2026.08.26 10:00,4634.05,4639.28,4626.29,4628.85,4642.7583514270,4643.4412909808
2026.08.26 11:00,4628.68,4630.63,4622.15,4628.19,4640.5170665921,4642.3115657230
2026.08.26 12:00,4628.19,4630.80,4616.13,4623.23,4637.8575178856,4640.8981164102
2026.08.26 13:00,4623.07,4624.10,4613.02,4620.01,4635.1117459032,4639.3508485279
2026.08.26 14:00,4620.01,4625.26,4616.43,4624.57,4633.4899388412,4638.2559708592
2026.08.26 15:00,4624.57,4632.55,4610.70,4614.30,4630.5376405579,4636.4814544992
2026.08.26 16:00,4614.47,4631.85,4597.82,4631.49,4630.6841573952,4636.1117171289
2026.08.26 17:00,4631.66,4633.41,4602.77,4602.90,4626.4096716421,4633.6515899342
2026.08.26 18:00,4602.94,4609.21,4582.95,4596.03,4621.7358760048,4630.8648054946
2026.08.26 19:00,4596.03,4601.46,4585.52,4591.57,4617.0949720041,4627.9540791617
2026.08.26 20:00,4591.59,4602.21,4590.58,4597.76,4614.1203609265,4625.7174807053
2026.08.26 21:00,4597.78,4604.58,4592.37,4593.78,4610.9910746301,4623.3517413938
2026.08.26 22:00,4593.77,4601.52,4591.02,4594.31,4608.4247554563,4621.2005012905
2026.08.27 01:00,4593.63,4613.03,4593.60,4609.12,4608.5317161553,4620.3056493431
2026.08.27 02:00,4609.26,4624.79,4606.43,4623.30,4610.8037598237,4620.5274530954
2026.08.27 03:00,4623.30,4626.98,4600.31,4604.95,4609.9031813893,4619.3735676810
2026.08.27 04:00,4605.01,4640.83,4602.17,4640.00,4614.5334611756,4620.9014515565
2026.08.27 05:00,4640.01,4642.96,4623.39,4629.62,4616.8544671486,4621.5472699597
2026.08.27 06:00,4629.62,4638.57,4624.23,4625.44,4618.1753183565,4621.8356203330
2026.08.27 07:00,4625.44,4627.23,4617.13,4618.75,4618.2637309170,4621.6070558639
2026.08.27 08:00,4618.75,4621.51,4600.67,4606.96,4616.5246953913,4620.5220887629
2026.08.27 09:00,4606.96,4611.78,4597.80,4600.21,4614.0147422542,4619.0174895953
2026.08.27 10:00,4600.21,4605.80,4593.42,4600.14,4611.8801665228,4617.6191570327
2026.08.27 11:00,4600.11,4606.82,4594.47,4598.96,4609.8924485962,4616.2369972525
2026.08.27 12:00,4598.95,4600.68,4577.79,4580.26,4605.3336103506,4613.5720344930
2026.08.27 13:00,4580.37,4590.45,4568.93,4590.05,4602.9822856813,4611.8296615676
2026.08.27 14:00,4590.02,4600.34,4587.20,4598.20,4602.2465494226,4610.8200570070
2026.08.27 15:00,4598.27,4601.12,4580.32,4585.73,4599.7055418192,4608.9615342658
2026.08.27 16:00,4585.82,4593.28,4565.03,4572.27,4595.4846892316,4606.2436428387
2026.08.27 17:00,4572.37,4598.16,4568.30,4591.18,4594.8224293498,4605.1278174432
2026.08.27 18:00,4591.17,4611.29,4588.69,4610.44,4597.2251325268,4605.5213124474
2026.08.27 19:00,4610.45,4616.66,4602.37,4614.89,4599.9428044457,4606.2152893032
2026.08.27 20:00,4615.40,4616.52,4605.07,4606.43,4600.9408345310,4606.2311937992
2026.08.27 21:00,4606.44,4611.21,4600.87,4610.32,4602.3837830647,4606.5340683326
2026.08.27 22:00,4610.48,4618.03,4604.25,4609.17,4603.4278164394,4606.7293225302
2026.08.28 01:00,4597.75,4610.65,4594.97,4610.60,4604.5312292948,4607.0160393798
2026.08.28 02:00,4610.46,4611.29,4594.02,4594.33,4602.9618094033,4606.0763327591
2026.08.28 03:00,4594.37,4602.49,4585.58,4588.66,4600.7615310336,4604.7862340362
2026.08.28 04:00,4588.74,4602.10,4575.22,4575.79,4596.9197570284,4602.6383648483
2026.08.28 05:00,4575.83,4589.60,4574.91,4586.27,4595.2813328702,4601.4258933781
2026.08.28 06:00,4586.25,4590.04,4578.46,4579.84,4592.9057431979,4599.8269383130
2026.08.28 07:00,4579.87,4585.31,4577.87,4584.27,4591.5771673213,4598.6745725121
2026.08.28 08:00,4584.30,4586.20,4571.41,4573.24,4588.7560646565,4596.7905301038
2026.08.28 09:00,4573.23,4613.18,4572.34,4612.53,4592.4135931708,4597.9564167628
2026.08.28 10:00,4612.43,4614.27,4596.60,4611.72,4595.3838096061,4598.9759414470
2026.08.28 11:00,4611.73,4614.49,4600.86,4602.80,4596.5247619744,4599.2592050435
2026.08.28 12:00,4602.60,4607.31,4600.34,4605.10,4597.8440293629,4599.6918565218
2026.08.28 13:00,4605.10,4609.82,4597.53,4600.15,4598.1987940763,4599.7257930757
2026.08.28 14:00,4600.15,4601.32,4591.26,4593.24,4597.4359026800,4599.2453639590
2026.08.28 15:00,4593.20,4603.69,4588.97,4601.61,4598.0780714984,4599.4205221843
2026.08.28 16:00,4601.55,4627.23,4593.64,4604.67,4599.0922143448,4599.8093723928
2026.08.28 17:00,4604.67,4631.13,4529.61,4576.63,4595.6364890610,4598.0923818452
2026.08.28 18:00,4576.63,4582.85,4523.83,4524.43,4584.6816445901,4592.6359091159
2026.08.28 19:00,4524.44,4529.35,4463.89,4479.31,4568.4706223455,4584.2413973296
2026.08.28 20:00,4479.32,4486.56,4460.30,4469.23,4553.2028342923,4575.7220345644
2026.08.28 21:00,4469.23,4471.56,4445.27,4456.80,4538.3716290166,4566.9129949671
2026.08.28 22:00,4456.90,4466.89,4452.74,4458.28,4526.0498399371,4558.8661064510
2026.08.31 01:00,4428.39,4465.94,4386.38,4461.33,4516.0929414852,4551.6412096768
2026.08.31 02:00,4461.27,4466.67,4435.85,4458.28,4507.1986427952,4544.7255645156
2026.08.31 03:00,4458.38,4472.11,4452.03,4456.21,4499.3542362113,4538.1688560329
2026.08.31 04:00,4456.49,4462.98,4435.84,4440.00,4490.2228152557,4530.8970889194
2026.08.31 05:00,4440.08,4441.32,4396.40,4422.70,4479.8346898318,4522.8824897402
2026.08.31 06:00,4422.81,4433.80,4419.73,4422.49,4471.0124298577,4515.4460090187
2026.08.31 07:00,4422.49,4424.88,4412.83,4424.45,4463.8489791103,4508.7055639062
2026.08.31 08:00,4424.39,4443.78,4419.07,4442.85,4460.6183669395,4503.8273739872
2026.08.31 09:00,4442.81,4443.09,4429.11,4439.29,4457.3370797180,4499.0468277659
2026.08.31 10:00,4439.26,4448.11,4435.00,4443.10,4455.1467597614,4494.9026183018
2026.08.31 11:00,4443.09,4449.44,4433.70,4435.56,4452.1334121058,4490.5068687980
2026.08.31 12:00,4435.81,4445.47,4435.52,4445.28,4451.0790410126,4487.1567303685
2026.08.31 13:00,4445.28,4455.51,4444.75,4453.83,4451.5022654722,4484.6880836745
2026.08.31 14:00,4453.83,4463.99,4452.42,4455.41,4452.1034553996,4482.5193367357
2026.08.31 15:00,4455.41,4460.89,4435.32,4435.69,4449.5783084150,4479.0504969775
2026.08.31 16:00,4435.74,4448.24,4415.55,4418.42,4444.7847225050,4474.5593490532
2026.08.31 17:00,4418.42,4436.60,4416.01,4431.62,4442.7593805812,4471.3786565308
2026.08.31 18:00,4431.60,4437.81,4424.48,4426.20,4440.2117835687,4468.0320893803
2026.08.31 19:00,4426.46,4440.27,4423.61,4433.24,4439.1392014812,4465.4548975744
2026.08.31 20:00,4433.22,4440.06,4428.75,4436.54,4438.7393243302,4463.3130533096
2026.08.31 21:00,4436.60,4436.82,4426.19,4430.88,4437.5301975102,4460.9106049163
2026.08.31 22:00,4430.88,4453.63,4429.16,4453.63,4440.0070902009,4460.3713008484
2026.09.01 01:00,4421.34,4455.64,4399.40,4446.79,4441.0506147854,4459.3652785634
2026.09.01 02:00,4446.95,4452.29,4441.73,4452.16,4442.7597509723,4458.8315542253
2026.09.01 03:00,4452.17,4461.33,4446.29,4453.57,4444.4228662073,4458.4418094679
2026.09.01 04:00,4453.67,4456.81,4436.21,4444.26,4444.3978098677,4457.3913050629
2026.09.01 05:00,4444.16,4449.12,4427.66,4442.96,4444.1766083496,4456.3223195027
2026.09.01 06:00,4442.93,4444.02,4431.61,4436.58,4443.0078993727,4454.8599254654
2026.09.01 07:00,4436.48,4437.66,4425.38,4426.53,4440.4728379308,4452.7614124680
2026.09.01 08:00,4426.47,4445.94,4423.83,4440.15,4440.4231705568,4451.8272337667
2026.09.01 09:00,4440.16,4440.50,4427.56,4429.56,4438.7519135481,4450.1778090432
2026.09.01 10:00,4429.60,4434.97,4412.07,4420.11,4435.8839268484,4447.9505639289
2026.09.01 11:00,4420.16,4420.16,4369.20,4370.63,4425.8448611794,4442.2231147490
2026.09.01 12:00,4370.58,4378.09,4364.45,4364.57,4416.4179594595,4436.4710321750
2026.09.01 13:00,4364.59,4385.88,4364.09,4378.03,4410.5121195426,4432.1420668287
2026.09.01 14:00,4378.09,4387.17,4371.90,4374.37,4404.9517934592,4427.8626544710
2026.09.01 15:00,4374.37,4376.00,4351.91,4356.17,4397.4469021577,4422.5520874731
2026.09.01 16:00,4356.18,4367.45,4326.02,4365.46,4392.5258402873,4418.3230439566
2026.09.01 17:00,4365.45,4375.51,4353.17,4360.39,4387.5818648585,4414.0317073672
2026.09.01 18:00,4360.42,4373.86,4355.14,4372.85,4385.3154241110,4410.9812105252
2026.09.01 19:00,4372.88,4374.73,4346.86,4351.33,4380.0868973247,4406.5626023382
2026.09.01 20:00,4351.33,4351.92,4340.88,4342.91,4374.3673746594,4401.8475947576
2026.09.01 21:00,4342.95,4344.53,4328.05,4331.68,4367.8000862503,4396.6499951459
2026.09.01 22:00,4331.66,4337.63,4322.40,4327.01,4361.5246883656,4391.4914769869
2026.09.02 01:00,4320.26,4333.91,4306.56,4329.17,4356.5470440017,4386.8750712842
2026.09.02 02:00,4329.08,4335.51,4322.72,4324.28,4351.5828833860,4382.2383993372
2026.09.02 03:00,4324.28,4334.37,4314.37,4315.56,4346.0409013266,4377.2992586456
2026.09.02 04:00,4315.35,4326.63,4287.82,4290.81,4337.5438395841,4370.8926468941
2026.09.02 05:00,4291.08,4314.65,4287.02,4302.81,4332.2001719558,4365.8494878649
2026.09.02 06:00,4302.76,4304.28,4282.40,4303.19,4327.7370685779,4361.2080443193
2026.09.02 07:00,4303.19,4307.78,4301.29,4307.24,4324.5836734121,4357.2104114068
2026.09.02 08:00,4307.20,4326.54,4303.46,4319.75,4323.8400313487,4354.4355661174
2026.09.02 09:00,4319.80,4329.26,4314.52,4321.61,4323.4969496028,4352.0040427013
2026.09.02 10:00,4321.67,4331.31,4319.09,4323.16,4323.4451112023,4349.8674469456
2026.09.02 11:00,4323.19,4331.56,4312.47,4312.83,4321.8120171712,4347.1239323571
2026.09.02 12:00,4312.80,4322.32,4304.78,4308.50,4319.7640145295,4344.2629003306
2026.09.02 13:00,4308.50,4312.22,4301.65,4309.24,4318.1449353711,4341.6686114172
2026.09.02 14:00,4309.21,4332.91,4307.47,4332.28,4320.3195606986,4340.9731587197
2026.09.02 15:00,4332.34,4344.38,4327.38,4331.25,4322.0011667450,4340.2529247404
2026.09.02 16:00,4331.27,4385.36,4330.48,4385.29,4331.7379103227,4343.5890043893
2026.09.02 17:00,4385.12,4397.55,4374.22,4376.91,4338.6874625807,4346.0572262864
2026.09.02 18:00,4376.91,4380.84,4364.45,4373.11,4343.9832375683,4348.0611354503
2026.09.02 19:00,4373.06,4374.76,4364.34,4368.20,4347.7088933270,4349.5529031948
2026.09.02 20:00,4368.17,4380.73,4364.56,4376.87,4352.1952174306,4351.5763918470
2026.09.02 21:00,4376.88,4379.57,4369.20,4374.05,4355.5574916720,4353.2411035620
2026.09.02 22:00,4374.05,4391.23,4371.61,4391.18,4361.0378775686,4356.0513921871
2026.09.03 01:00,4374.00,4392.83,4352.78,4384.52,4364.6505117888,4358.1601779510
2026.09.03 02:00,4384.62,4388.72,4381.00,4385.49,4367.8565868982,4360.1846092139
2026.09.03 03:00,4385.55,4397.67,4382.39,4395.36,4372.0878812216,4362.7901937166
2026.09.03 04:00,4395.36,4412.55,4387.15,4410.20,4377.9512841106,4366.3020312190
2026.09.03 05:00,4410.16,4420.33,4406.55,4420.23,4384.4557019397,4370.2966955732
2026.09.03 06:00,4420.24,4432.45,4419.24,4431.34,4391.6686708721,4374.8184218270
2026.09.03 07:00,4431.26,4438.65,4425.48,4437.26,4398.6827215071,4379.4437239139
2026.09.03 08:00,4437.24,4440.10,4422.19,4431.00,4403.6546105060,4383.2627073277
2026.09.03 09:00,4431.03,4436.17,4418.01,4420.50,4406.2462088897,4386.0210253034
2026.09.03 10:00,4420.45,4431.50,4418.92,4428.76,4409.7098690605,4389.1868752809
2026.09.03 11:00,4428.66,4443.56,4427.78,4434.89,4413.5837353589,4392.5722919268
2026.09.03 12:00,4434.94,4441.87,4425.50,4427.51,4415.7262376114,4395.1602703026
2026.09.03 13:00,4427.53,4429.80,4418.92,4427.17,4417.4868164404,4397.5313613913
2026.09.03 14:00,4427.18,4445.27,4424.95,4444.06,4421.5749985265,4400.9779272142
2026.09.03 15:00,4444.04,4495.07,4437.75,4493.40,4432.6249987532,4407.8240066798
2026.09.03 16:00,4493.37,4495.89,4456.54,4470.36,4438.4303835604,4412.4563024813
2026.09.03 17:00,4470.36,4485.26,4458.75,4485.26,4445.6349399357,4417.8491689641
2026.09.03 18:00,4485.26,4510.76,4484.13,4493.08,4452.9341799456,4423.4218231149
2026.09.03 19:00,4493.10,4495.48,4485.40,4486.16,4458.0458445694,4428.0690954768
2026.09.03 20:00,4486.27,4494.61,4483.16,4486.43,4462.4126377125,4432.3921254415
2026.09.03 21:00,4486.56,4489.67,4473.97,4475.14,4464.3706934491,4435.5586346680
2026.09.03 22:00,4475.12,4480.74,4472.59,4475.08,4466.0182790723,4438.4861432111
2026.09.04 01:00,4474.10,4478.54,4471.26,4474.45,4467.3154669073,4441.1501326029
2026.09.04 02:00,4474.19,4480.12,4471.50,4479.82,4469.2392412293,4444.0145672249
2026.09.04 03:00,4480.00,4487.02,4472.59,4486.28,4471.8608964248,4447.1453400231
2026.09.04 04:00,4486.32,4487.22,4466.96,4478.75,4472.9207585133,4449.4864259473
2026.09.04 05:00,4478.73,4482.52,4469.94,4477.33,4473.5991033574,4451.5489129142
2026.09.04 06:00,4477.36,4478.62,4466.89,4466.91,4472.5700105332,4452.6867712168
2026.09.04 07:00,4466.84,4474.82,4465.26,4473.70,4472.7438550665,4454.2433066822
2026.09.04 08:00,4473.68,4477.53,4466.73,4471.96,4472.6232619794,4455.5556543354
2026.09.04 09:00,4471.98,4473.29,4460.04,4463.00,4471.1427601364,4456.1070873476
2026.09.04 10:00,4462.94,4490.67,4461.47,4483.25,4473.0054124231,4458.1176734700
2026.09.04 11:00,4483.37,4486.42,4474.33,4477.68,4473.7245797426,4459.5667346944
2026.09.04 12:00,4477.63,4479.11,4463.73,4465.55,4472.4669520899,4460.0099395319
2026.09.04 13:00,4465.55,4476.49,4465.34,4472.81,4472.5197286915,4460.9580921592
2026.09.04 14:00,4472.78,4473.28,4465.07,4466.92,4471.6582319697,4461.3997149622
2026.09.04 15:00,4466.88,4475.51,4374.86,4393.61,4459.6508116667,4456.3782545946
2026.09.04 16:00,4393.71,4434.59,4365.34,4413.10,4452.4891483333,4453.1724579580
2026.09.04 17:00,4413.10,4442.20,4411.90,4427.40,4448.6292793590,4451.2633869981
2026.09.04 18:00,4427.40,4448.79,4422.61,4436.54,4446.7693902268,4450.1727657390
2026.09.04 19:00,4436.54,4443.36,4432.01,4436.32,4445.1617917304,4449.1466349435
2026.09.04 20:00,4436.26,4440.37,4415.57,4416.49,4440.7507468488,4446.7276249477
2026.09.04 21:00,4416.49,4426.67,4411.95,4423.95,4438.1660165644,4445.0403934701
2026.09.04 22:00,4423.95,4438.32,4422.46,4434.66,4437.6266294006,4444.2714754353
2026.09.07 01:00,4417.00,4434.92,4416.69,4429.20,4436.3302248774,4443.1550698475
2026.09.07 02:00,4429.28,4433.83,4420.99,4423.16,4434.3040364348,4441.6739535625
2026.09.07 03:00,4423.21,4429.47,4409.90,4412.46,4430.9434154448,4439.5099570023
2026.09.07 04:00,4412.43,4416.61,4389.50,4408.93,4427.5567361456,4437.2447750021
2026.09.07 05:00,4408.89,4418.92,4402.77,4408.68,4424.6526228924,4435.1288657427
2026.09.07 06:00,4408.72,4410.30,4401.16,4404.07,4421.4860655244,4432.8282090210
2026.09.07 07:00,4404.07,4407.08,4394.24,4397.86,4417.8512862129,4430.2379713158
2026.09.07 08:00,4397.86,4413.08,4393.02,4393.92,4414.1695498725,4427.5477512183
2026.09.07 09:00,4393.97,4399.81,4385.07,4392.67,4410.8619268152,4424.9642140910
2026.09.07 10:00,4392.72,4406.58,4391.65,4406.27,4410.1554765359,4423.5794574917
2026.09.07 11:00,4406.25,4423.81,4405.12,4410.89,4410.2684801458,4422.6394976775
2026.09.07 12:00,4410.89,4413.75,4403.53,4405.63,4409.5548678157,4421.3795348866
2026.09.07 13:00,4405.55,4406.17,4387.95,4391.54,4406.7833496902,4419.1691989690
2026.09.07 14:00,4391.51,4394.95,4381.03,4385.12,4403.4505266609,4416.6470360824
2026.09.07 15:00,4385.12,4397.96,4385.12,4396.68,4402.4089071746,4415.1679963726
2026.09.07 16:00,4396.62,4407.78,4395.26,4402.68,4402.4506137631,4414.2429596043
2026.09.07 17:00,4402.47,4419.51,4401.04,4415.91,4404.5212885688,4414.3664440780
2026.09.07 18:00,4415.90,4416.64,4408.77,4414.43,4406.0457057121,4414.3711519241
2026.09.07 19:00,4414.43,4417.24,4411.71,4414.33,4407.3202125256,4414.3681036334
2026.09.07 20:00,4414.42,4415.01,4407.03,4407.03,4407.2755644447,4413.8245404013
2026.09.07 21:00,4407.10,4409.04,4402.92,4406.13,4407.0993237609,4413.2545744457
2026.09.08 01:00,4403.84,4413.80,4381.88,4407.45,4407.1532739516,4412.8246059682
2026.09.08 02:00,4407.38,4427.86,4407.04,4422.75,4409.5527702667,4413.5598203409
2026.09.08 03:00,4423.00,4430.09,4414.83,4425.99,4412.0815748411,4414.4805743898
2026.09.08 04:00,4425.98,4440.67,4416.98,4437.01,4415.9167171732,4416.1494207313
2026.09.08 05:00,4437.02,4438.62,4421.09,4424.24,4417.1972222235,4416.7487228993
2026.09.08 06:00,4424.24,4440.11,4422.39,4437.65,4420.3438034199,4418.2969656475
2026.09.08 07:00,4437.70,4442.89,4431.48,4435.96,4422.7462952014,4419.6053385625
2026.09.08 08:00,4435.92,4437.58,4417.30,4419.09,4422.1837882474,4419.5671653357
2026.09.08 09:00,4419.16,4420.12,4398.09,4403.64,4419.3308977478,4418.3873753108
2026.09.08 10:00,4403.64,4409.40,4389.97,4392.27,4415.1676827096,4416.4527549174
2026.09.08 11:00,4392.58,4398.54,4387.79,4394.13,4411.9311161389,4414.7992175161
2026.09.08 12:00,4394.06,4405.57,4390.85,4402.90,4410.5417136560,4413.9177939964
2026.09.08 13:00,4402.92,4406.91,4393.64,4395.24,4408.1876038628,4412.5342537004
2026.09.08 14:00,4395.25,4407.90,4391.07,4406.35,4407.9048955762,4412.0761608337
2026.09.08 15:00,4406.35,4411.75,4385.30,4411.55,4408.4656808722,4412.0371859571
2026.09.08 16:00,4411.46,4413.19,4390.20,4395.52,4406.4740376611,4410.8136907010
2026.09.08 17:00,4395.52,4403.62,4388.98,4398.57,4405.2580318671,4409.9067506491
2026.09.08 18:00,4398.58,4409.26,4394.61,4394.70,4403.6337192721,4408.7803246751
2026.09.08 19:00,4394.68,4398.34,4380.43,4393.60,4402.0900701533,4407.6558561806
2026.09.08 20:00,4393.62,4403.78,4385.13,4389.90,4400.2146747451,4406.3406075747
2026.09.08 21:00,4389.93,4390.30,4358.16,4375.57,4396.4231863228,4404.0613033099
2026.09.08 22:00,4375.52,4377.22,4356.74,4359.38,4390.7242345808,4400.7515771388
2026.09.09 01:00,4352.19,4358.48,4340.63,4353.93,4385.0635831069,4397.2833121655
2026.09.09 02:00,4353.97,4359.80,4349.01,4349.79,4379.6368780135,4393.7652890422
2026.09.09 03:00,4349.80,4365.47,4341.09,4364.62,4377.3265890883,4391.6063787427
2026.09.09 04:00,4364.62,4378.04,4353.97,4373.54,4376.7440369209,4390.2681284655
2026.09.09 05:00,4373.51,4384.44,4367.10,4382.33,4377.6034158562,4389.6801189495
2026.09.09 06:00,4382.35,4382.90,4375.04,4375.06,4377.2121211091,4388.5971471755
2026.09.09 07:00,4375.06,4382.47,4370.52,4381.45,4377.8641024769,4388.0677288662
2026.09.09 08:00,4381.43,4400.94,4380.33,4398.72,4381.0727020958,4388.8567859872
2026.09.09 09:00,4398.68,4406.02,4395.13,4400.48,4384.0584402349,4389.7177648030
2026.09.09 10:00,4400.48,4412.75,4399.17,4409.07,4387.9063725065,4391.1512637065
2026.09.09 11:00,4409.07,4411.90,4398.93,4400.66,4389.8684690439,4391.8556145430
2026.09.09 12:00,4400.66,4402.27,4388.47,4390.61,4389.9825507295,4391.7633467991
2026.09.09 13:00,4390.61,4403.04,4386.10,4399.56,4391.4560044634,4392.3408766658
2026.09.09 14:00,4399.56,4415.24,4399.56,4407.22,4393.8812345460,4393.4430339498
2026.09.09 15:00,4407.33,4409.38,4390.73,4400.05,4394.8302753851,4393.9324388424
2026.09.09 16:00,4400.05,4434.07,4398.53,4414.95,4397.9256176335,4395.4892952245
2026.09.09 17:00,4414.75,4428.62,4409.74,4418.71,4401.1232149207,4397.2093474301
2026.09.09 18:00,4418.71,4432.00,4375.00,4398.44,4400.7104126252,4397.3005068797
2026.09.09 19:00,4398.48,4410.37,4391.42,4409.41,4402.0488106828,4398.1975063701
2026.09.09 20:00,4409.50,4420.48,4408.79,4415.98,4404.1920705778,4399.5147281205
2026.09.09 21:00,4416.04,4421.61,4401.62,4403.15,4404.0317520274,4399.7840075189
2026.09.09 22:00,4403.25,4404.87,4395.66,4399.15,4403.2807132539,4399.7370439990
2026.09.10 01:00,4401.60,4406.11,4397.53,4399.45,4402.6913727533,4399.7157814806
2026.09.10 02:00,4399.44,4402.94,4393.01,4394.13,4401.3742384836,4399.3020198894
2026.09.10 03:00,4394.13,4404.70,4389.61,4400.94,4401.3074325630,4399.4233517495
2026.09.10 04:00,4400.94,4418.97,4400.14,4412.06,4402.9616737072,4400.3593997680
2026.09.10 05:00,4412.15,4420.75,4407.90,4419.31,4405.4768008291,4401.7631479334
2026.09.10 06:00,4419.22,4421.08,4406.75,4409.01,4406.0203699324,4402.2999517901
2026.09.10 07:00,4409.01,4415.47,4405.47,4408.38,4406.3833899428,4402.7503257316
2026.09.10 08:00,4408.35,4431.26,4408.05,4431.06,4410.1797914900,4404.8473386404
2026.09.10 09:00,4430.97,4434.62,4410.85,4425.19,4412.4890543377,4406.3542024448
2026.09.10 10:00,4425.19,4425.35,4404.00,4411.78,4412.3799690550,4406.7561133748
2026.09.10 11:00,4411.79,4412.83,4392.43,4394.83,4409.6799738158,4405.8726975693
2026.09.10 12:00,4394.83,4396.89,4388.35,4394.01,4407.2692086133,4404.9939792308
2026.09.10 13:00,4394.01,4400.20,4374.93,4378.87,4402.9000995959,4403.0588696582
2026.09.10 14:00,4378.82,4390.69,4373.40,4374.52,4398.5339304273,4400.9448793131
2026.09.10 15:00,4374.52,4377.75,4323.99,4340.21,4389.5610180539,4396.4459993640
2026.09.10 16:00,4340.07,4375.82,4339.42,4365.58,4385.8716306610,4394.1596290407
2026.09.10 17:00,4365.63,4376.27,4353.85,4358.08,4381.5959951747,4391.4870639266
2026.09.10 18:00,4358.09,4372.13,4352.58,4365.82,4379.1689189939,4389.5857999320
2026.09.10 19:00,4365.95,4369.92,4353.99,4363.99,4376.8337006872,4387.6898147519
2026.09.10 20:00,4363.99,4368.06,4351.10,4352.63,4373.1100544276,4385.0927914369
2026.09.10 21:00,4352.75,4356.16,4329.73,4332.90,4366.9238922080,4381.2266587379
2026.09.10 22:00,4332.76,4332.88,4313.68,4324.32,4360.3694472529,4377.0113506832
2026.09.11 01:00,4311.47,4324.54,4285.91,4318.57,4353.9387630602,4372.6823617437
2026.09.11 02:00,4318.57,4320.46,4310.87,4315.10,4347.9635687432,4368.4170016146
2026.09.11 03:00,4315.18,4333.78,4312.54,4332.04,4345.5137889366,4365.7224089024
2026.09.11 04:00,4332.04,4340.42,4320.84,4329.32,4343.0224367925,4363.0259341689
2026.09.11 05:00,4329.32,4334.53,4315.86,4322.73,4339.9005234398,4360.0410501564
2026.09.11 06:00,4322.73,4326.47,4300.64,4303.80,4334.3465967567,4355.8750464411
2026.09.11 07:00,4303.80,4335.29,4301.86,4331.77,4333.9501972557,4354.0894874454
2026.09.11 08:00,4331.77,4352.02,4328.18,4346.03,4335.8086284471,4353.4924883754
2026.09.11 09:00,4346.03,4361.01,4345.74,4353.15,4338.4765317630,4353.4671188661
2026.09.11 10:00,4353.19,4356.18,4340.50,4344.91,4339.4662961071,4352.8332582094
2026.09.11 11:00,4344.91,4357.49,4342.13,4346.99,4340.6237890137,4352.4004242679
2026.09.11 12:00,4347.02,4353.97,4340.77,4346.31,4341.4985907039,4351.9492817296
2026.09.11 13:00,4346.31,4349.92,4336.64,4337.47,4340.8788075187,4350.8767423422
2026.09.11 14:00,4337.53,4342.55,4330.06,4333.27,4339.7082217466,4349.5725392057
2026.09.11 15:00,4333.29,4390.13,4289.57,4388.38,4347.1961876317,4352.4471659312
2026.09.11 16:00,4388.18,4402.45,4380.39,4401.55,4355.5583126115,4356.0844128993
2026.09.11 17:00,4401.55,4402.37,4364.65,4370.76,4357.8970337482,4357.1714934253
2026.09.11 18:00,4370.56,4377.14,4359.16,4367.10,4359.3128747100,4357.9069383567
2026.09.11 19:00,4367.10,4372.67,4351.93,4361.70,4359.6801247546,4358.1879058859
2026.09.11 20:00,4361.70,4370.46,4357.82,4358.20,4359.4524132539,4358.1888017462
2026.09.11 21:00,4358.24,4360.12,4343.99,4346.95,4357.5289650610,4357.3562979131
2026.09.11 22:00,4346.98,4353.76,4342.64,4348.46,4356.1337396670,4356.6973128825
2026.09.14 01:00,4328.26,4342.37,4305.91,4337.83,4353.3177797182,4355.2997341505
2026.09.14 02:00,4337.83,4342.39,4331.72,4332.69,4350.1442751462,4353.6249390282
2026.09.14 03:00,4332.68,4347.44,4329.78,4338.49,4348.3513097391,4352.5038324335
2026.09.14 04:00,4338.49,4355.18,4326.08,4353.19,4349.0957236254,4352.5546596607
2026.09.14 05:00,4353.01,4355.27,4330.22,4330.80,4346.2809969138,4350.9432033895
2026.09.14 06:00,4330.80,4336.36,4327.06,4330.29,4343.8208435424,4349.4133364718
2026.09.14 07:00,4330.29,4331.64,4321.87,4329.41,4341.6037906897,4347.9316078442
2026.09.14 08:00,4329.42,4337.39,4323.22,4337.36,4340.9508998144,4347.1485257817
2026.09.14 09:00,4337.35,4338.74,4320.60,4322.13,4338.0553767660,4345.2953016497
2026.09.14 10:00,4322.14,4324.22,4307.85,4310.83,4333.8668572636,4342.7423163423
2026.09.14 11:00,4310.87,4318.26,4303.23,4306.55,4329.6642638384,4340.0614040207
2026.09.14 12:00,4306.56,4311.67,4278.13,4285.46,4322.8636078633,4336.0168555747
2026.09.14 13:00,4285.48,4296.57,4278.14,4294.62,4318.5184374228,4332.9504218284
2026.09.14 14:00,4294.69,4296.89,4284.14,4286.99,4313.6679085885,4329.5459461374
2026.09.14 15:00,4286.99,4297.70,4265.76,4270.96,4307.0974611133,4325.2062464236
2026.09.14 16:00,4271.00,4281.18,4253.48,4272.50,4301.7747747882,4321.3020800218
2026.09.14 17:00,4272.56,4282.97,4263.92,4279.49,4298.3463478977,4318.2048889091
2026.09.14 18:00,4279.46,4298.32,4272.53,4288.23,4296.7899866827,4315.9845267677
2026.09.14 19:00,4288.26,4317.79,4286.24,4315.76,4299.7084502700,4315.9678951552
2026.09.14 20:00,4315.80,4316.49,4307.75,4311.05,4301.4533040746,4315.6036066252
2026.09.14 21:00,4311.08,4315.83,4304.60,4307.39,4302.3666419093,4314.9951913197
2026.09.14 22:00,4307.40,4307.91,4282.75,4283.53,4299.4686970001,4312.6644364071
2026.09.15 01:00,4294.14,4301.27,4284.04,4295.29,4298.8258205386,4311.3774411177
2026.09.15 02:00,4295.30,4297.38,4286.82,4288.20,4297.1910789173,4309.6605936275
2026.09.15 03:00,4288.20,4296.65,4283.08,4292.91,4296.5324513915,4308.4198089143
2026.09.15 04:00,4292.87,4306.61,4287.89,4304.47,4297.7536127159,4308.1272304762
2026.09.15 05:00,4304.86,4317.33,4304.51,4314.12,4300.2715184519,4308.5711393298
2026.09.15 06:00,4314.12,4314.51,4303.17,4303.43,4300.7574386901,4308.1903141943
2026.09.15 07:00,4303.26,4309.66,4300.56,4304.66,4301.3578327378,4307.9288094392
2026.09.15 08:00,4304.66,4307.47,4289.06,4290.97,4299.7597046243,4306.6726013326
2026.09.15 09:00,4290.97,4295.31,4285.91,4293.41,4298.7828269898,4305.6901864190
2026.09.15 10:00,4293.30,4295.38,4276.18,4280.60,4295.9854689913,4303.8316540917
2026.09.15 11:00,4280.60,4280.74,4261.21,4262.42,4290.8215506850,4300.7641241590
2026.09.15 12:00,4262.40,4272.17,4261.36,4268.26,4287.3505428873,4298.3564112583
2026.09.15 13:00,4268.32,4283.86,4268.26,4281.47,4286.4458439816,4297.1055659799
2026.09.15 14:00,4281.41,4286.74,4278.66,4284.61,4286.1634064459,4296.1799684999
2026.09.15 15:00,4284.67,4295.82,4271.32,4290.24,4286.7905746850,4295.7399708333
2026.09.15 16:00,4290.22,4298.29,4283.57,4294.74,4288.0135631950,4295.6658989197
2026.09.15 17:00,4294.75,4300.46,4273.69,4277.06,4286.3283996266,4294.2876841849
2026.09.15 18:00,4276.81,4294.69,4276.53,4289.32,4286.7886458379,4293.9197075786
2026.09.15 19:00,4289.30,4298.34,4285.51,4295.55,4288.1365464782,4294.0404699802
2026.09.15 20:00,4295.53,4299.14,4290.27,4294.94,4289.1832316354,4294.1071018335
2026.09.15 21:00,4294.96,4310.37,4292.90,4308.60,4292.1704267684,4295.1806498458
2026.09.15 22:00,4308.63,4310.64,4294.21,4297.81,4293.0380534194,4295.3754165239
2026.09.16 01:00,4270.10,4299.05,4269.99,4288.85,4292.3937375087,4294.8920523370
2026.09.16 02:00,4288.76,4289.33,4281.01,4283.38,4291.0070086612,4294.0393077194
2026.09.16 03:00,4283.46,4286.10,4275.37,4277.22,4288.8859304057,4292.7934330735
2026.09.16 04:00,4277.22,4293.51,4276.56,4282.39,4287.8865564971,4292.0228084014
2026.09.16 05:00,4282.39,4323.26,4281.83,4321.61,4293.0747785745,4294.2144522235
2026.09.16 06:00,4321.51,4340.88,4321.36,4326.91,4298.2801972553,4296.6363446514
2026.09.16 07:00,4326.87,4328.43,4320.45,4321.81,4301.9001669083,4298.5010598624
2026.09.16 08:00,4321.72,4333.62,4320.65,4326.42,4305.6724489224,4300.5691295023
2026.09.16 09:00,4326.42,4333.12,4321.41,4332.90,4309.8613029344,4302.9640087984
2026.09.16 10:00,4332.90,4339.05,4328.37,4329.20,4312.8364870983,4304.9074155541
2026.09.16 11:00,4329.18,4337.60,4322.94,4330.22,4315.5108736986,4306.7824218093
2026.09.16 12:00,4330.31,4339.27,4327.42,4338.12,4318.9892008219,4309.1037238975
2026.09.16 13:00,4338.17,4349.78,4337.49,4349.78,4323.7262468493,4312.1167813866
2026.09.16 14:00,4350.05,4353.65,4341.59,4341.66,4326.4852857955,4314.3051679505
2026.09.16 15:00,4341.57,4348.86,4334.90,4347.48,4329.7152418270,4316.7625629172
2026.09.16 16:00,4347.40,4360.27,4334.94,4338.52,4331.0698200075,4318.3742249233
2026.09.16 17:00,4338.59,4356.01,4324.09,4354.97,4334.7467707755,4321.0850230771
2026.09.16 18:00,4354.98,4361.62,4342.78,4352.63,4337.4980368101,4323.4216880344
2026.09.16 19:00,4352.68,4352.83,4343.69,4346.53,4338.8875696085,4325.1334148466
2026.09.16 20:00,4346.59,4364.81,4341.66,4356.60,4341.6125588995,4327.4642730062
2026.09.16 21:00,4356.69,4367.15,4256.84,4261.10,4329.2260113765,4322.5484009316
2026.09.16 22:00,4261.23,4287.20,4234.94,4272.13,4320.4420096263,4318.8137045663
2026.09.17 01:00,4258.62,4275.97,4246.43,4266.39,4312.1263158376,4314.9304671910
2026.09.17 02:00,4266.39,4275.66,4258.65,4271.52,4305.8791903241,4311.7148770287
2026.09.17 03:00,4271.52,4292.25,4266.12,4280.02,4301.9008533512,4309.3671083599
2026.09.17 04:00,4280.13,4318.14,4279.84,4300.04,4301.6145682202,4308.6762114444
2026.09.17 05:00,4300.13,4300.82,4273.86,4277.07,4297.8384808017,4306.3350105967
2026.09.17 06:00,4277.07,4297.35,4276.98,4296.03,4297.5602529861,4305.5716764784
2026.09.17 07:00,4296.03,4298.80,4290.20,4297.32,4297.5232909882,4304.9604411837
2026.09.17 08:00,4297.22,4305.41,4285.17,4304.49,4298.5950923747,4304.9255936886
2026.09.17 09:00,4304.49,4315.13,4304.17,4310.78,4300.4696935478,4305.3592534154
2026.09.17 10:00,4310.81,4335.28,4309.19,4327.13,4304.5712791558,4306.9719013105
2026.09.17 11:00,4327.13,4328.16,4310.10,4311.56,4305.6464669780,4307.3117604727
2026.09.17 12:00,4311.56,4319.15,4304.96,4306.16,4305.7254720583,4307.2264448821
2026.09.17 13:00,4306.16,4325.03,4305.09,4324.14,4308.5584763570,4308.4793008168
2026.09.17 14:00,4324.17,4353.16,4323.24,4349.60,4314.8725569175,4311.5252785341
2026.09.17 15:00,4349.51,4381.27,4343.48,4373.22,4323.8490866225,4316.0952579019
2026.09.17 16:00,4373.28,4375.11,4355.33,4366.79,4330.4553809883,4319.8504239833
2026.09.17 17:00,4367.19,4379.93,4352.16,4353.89,4334.0607069901,4322.3718740586
2026.09.17 18:00,4353.92,4370.00,4351.34,4369.85,4339.5667520685,4325.8887722765
2026.09.17 19:00,4369.83,4372.42,4355.82,4362.26,4343.0580209811,4328.5829372930
2026.09.17 20:00,4362.29,4365.76,4357.67,4361.23,4345.8537100609,4331.0012382343
2026.09.17 21:00,4361.34,4365.61,4348.36,4351.48,4346.7192931284,4332.5181835503
2026.09.17 22:00,4351.53,4356.02,4342.56,4346.06,4346.6178634164,4333.5212810651
2026.09.18 01:00,4318.57,4349.43,4318.40,4344.36,4346.2704998139,4334.3241491343
2026.09.18 02:00,4344.24,4348.02,4339.42,4346.24,4346.2658075348,4335.2068047540
2026.09.18 03:00,4346.24,4360.12,4341.97,4356.32,4347.8126063756,4336.7707451426
2026.09.18 04:00,4356.32,4365.47,4344.05,4348.27,4347.8829746255,4337.6225417987
2026.09.18 05:00,4348.10,4356.49,4343.22,4346.72,4347.7040554524,4338.2964275914
2026.09.18 06:00,4346.60,4360.77,4334.21,4359.16,4349.4665084597,4339.8418773994
2026.09.18 07:00,4359.05,4366.98,4352.64,4366.62,4352.1055071582,4341.8254420365
2026.09.18 08:00,4366.71,4378.08,4360.04,4377.33,4355.9861983646,4344.4554092931
2026.09.18 09:00,4377.28,4397.23,4377.16,4393.35,4361.7344755393,4348.0772308269
2026.09.18 10:00,4393.35,4399.53,4388.87,4393.22,4366.5784023794,4351.4211396545
2026.09.18 11:00,4393.21,4398.35,4385.07,4392.21,4370.5217250903,4354.4425367172
2026.09.18 12:00,4392.29,4398.14,4373.12,4376.48,4371.4383827687,4356.0749414048
2026.09.18 13:00,4376.48,4381.86,4375.65,4381.71,4373.0186315735,4357.9738346341
2026.09.18 14:00,4381.69,4388.44,4372.47,4381.46,4374.3173036391,4359.7135505871
2026.09.18 15:00,4381.50,4382.73,4353.71,4368.82,4373.4715646177,4360.3881023955
2026.09.18 16:00,4368.85,4375.47,4347.23,4349.10,4369.7220931381,4359.5519466625
2026.09.18 17:00,4349.10,4361.71,4342.62,4352.97,4367.1448480399,4359.0643950578
2026.09.18 18:00,4352.99,4358.03,4348.03,4356.68,4365.5348714184,4358.8877732017
2026.09.18 19:00,4356.68,4383.70,4354.83,4382.83,4368.1956604309,4360.6612714831
2026.09.18 20:00,4382.92,4397.03,4381.57,4393.15,4372.0347895954,4363.0678439658
2026.09.18 21:00,4393.01,4394.28,4379.61,4382.14,4373.5894373500,4364.4805962646
2026.09.18 22:00,4382.17,4386.00,4374.91,4376.32,4374.0095239115,4365.3575891339
2026.09.21 01:00,4370.17,4381.85,4353.10,4373.62,4373.9495971559,4365.9696195684
2026.09.21 02:00,4373.60,4375.92,4368.57,4372.52,4373.7296591319,4366.4548329337
2026.09.21 03:00,4372.59,4376.06,4358.05,4366.42,4372.6050961885,4366.4522527164
2026.09.21 04:00,4366.38,4383.22,4366.38,4377.29,4373.3258506211,4367.2550488115
2026.09.21 05:00,4377.35,4377.63,4361.02,4363.72,4371.8480274486,4366.9931933440
2026.09.21 06:00,4363.60,4368.16,4357.71,4358.88,4369.8529463027,4366.3922160592
2026.09.21 07:00,4358.88,4365.17,4354.98,4355.79,4367.6894161023,4365.6068667215
2026.09.21 08:00,4355.79,4361.95,4349.14,4350.76,4365.0848905481,4364.5070988162
2026.09.21 09:00,4350.77,4355.74,4346.20,4353.12,4363.2441381560,4363.6636100150
2026.09.21 10:00,4353.15,4356.06,4341.92,4344.14,4360.3050399782,4362.2174166806
2026.09.21 11:00,4344.14,4357.65,4343.32,4353.16,4359.2058030585,4361.5464969265
2026.09.21 12:00,4353.09,4354.85,4339.92,4345.50,4357.0972179726,4360.3578675245
2026.09.21 13:00,4345.36,4356.58,4342.48,4342.65,4354.8745690537,4359.0461736338
2026.09.21 14:00,4342.65,4371.02,4341.84,4369.05,4357.0554045839,4359.7871978091
2026.09.21 15:00,4369.19,4374.67,4351.08,4359.64,4357.4530346479,4359.7762942677
2026.09.21 16:00,4359.44,4369.48,4345.91,4346.00,4355.6910293175,4358.7558280256
2026.09.21 17:00,4346.03,4347.16,4322.53,4338.80,4353.0924094225,4357.2776185422
2026.09.21 18:00,4338.88,4355.92,4338.88,4348.08,4352.3212695113,4356.5963134650
2026.09.21 19:00,4348.10,4357.01,4342.89,4343.26,4350.9272280480,4355.6084383935
2026.09.21 20:00,4343.26,4346.78,4337.45,4344.51,4349.9399621945,4354.7863318459
2026.09.21 21:00,4344.47,4352.47,4343.94,4346.00,4349.3338141646,4354.1354924499
2026.09.21 22:00,4346.04,4353.79,4342.14,4345.07,4348.6778427546,4353.4639744906
2026.09.22 01:00,4331.22,4365.02,4325.04,4360.77,4350.5381746385,4354.0051615654
2026.09.22 02:00,4360.82,4370.61,4357.98,4368.45,4353.2938400788,4355.0751495976
2026.09.22 03:00,4368.51,4375.86,4348.35,4360.07,4354.3363262205,4355.4451385163
2026.09.22 04:00,4360.07,4365.07,4343.42,4348.39,4353.4215068020,4354.9225356632
2026.09.22 05:00,4348.39,4355.92,4339.71,4344.45,4352.0412749863,4354.1467922808
2026.09.22 06:00,4344.35,4349.19,4339.40,4341.65,4350.4426172961,4353.2211039637
2026.09.22 07:00,4341.65,4342.99,4334.93,4342.78,4349.2637530967,4352.4476888553
2026.09.22 08:00,4342.78,4347.20,4316.13,4323.55,4345.3077910818,4350.3071193104
2026.09.22 09:00,4323.60,4324.25,4315.02,4318.38,4341.1650539923,4347.9421475096
2026.09.22 10:00,4318.36,4324.27,4299.53,4300.95,4334.9781226089,4344.4612476941
2026.09.22 11:00,4300.93,4335.46,4291.46,4330.11,4334.2291806690,4343.3981923094
2026.09.22 12:00,4330.05,4337.86,4312.03,4336.58,4334.5908451815,4342.8931410272
2026.09.22 13:00,4336.57,4337.98,4321.66,4321.66,4332.6014843843,4341.3203157659
2026.09.22 14:00,4321.66,4323.35,4308.73,4322.57,4331.0581790944,4339.9314034870
2026.09.22 15:00,4322.68,4343.95,4320.18,4333.83,4331.4846130799,4339.4794476731
2026.09.22 16:00,4333.84,4343.96,4327.55,4333.42,4331.7823649138,4339.0305996973
2026.09.22 17:00,4333.38,4338.25,4314.71,4328.03,4331.2050780040,4338.2157404605
2026.09.22 18:00,4328.14,4340.52,4325.34,4331.17,4331.1996813880,4337.6938337597
2026.09.22 19:00,4331.22,4341.84,4322.53,4336.27,4331.9797304052,4337.5883645923
2026.09.22 20:00,4336.25,4352.81,4334.67,4350.74,4334.8659257275,4338.5625598077
2026.09.22 21:00,4350.74,4360.59,4347.56,4353.45,4337.7250140771,4339.6653331553
2026.09.22 22:00,4353.45,4371.20,4353.32,4363.98,4341.7642426806,4341.4664195882
2026.09.23 01:00,4341.24,4365.16,4337.64,4362.04,4344.8835899605,4342.9903885076
2026.09.23 02:00,4362.15,4365.40,4358.07,4363.69,4347.7768838128,4344.5236930626
2026.09.23 03:00,4363.83,4369.31,4355.08,4357.43,4349.2619786108,4345.4797157987
2026.09.23 04:00,4357.43,4359.12,4338.71,4341.26,4348.0309049784,4345.1671442581
2026.09.23 05:00,4340.97,4341.22,4333.27,4333.95,4345.8646119048,4344.3362446834
2026.09.23 06:00,4333.85,4345.37,4333.19,4342.51,4345.3485177656,4344.2009672994
2026.09.23 07:00,4342.59,4347.25,4342.36,4343.95,4345.1333611863,4344.1823771291
2026.09.23 08:00,4343.95,4345.70,4327.90,4334.49,4343.4959210038,4343.4644232677
2026.09.23 09:00,4334.49,4337.06,4325.90,4331.29,4341.6180870032,4342.5626141368
2026.09.23 10:00,4331.29,4332.82,4318.87,4319.54,4338.2214582335,4340.8572353118
2026.09.23 11:00,4319.53,4322.74,4315.33,4318.10,4335.1258492745,4339.1715141776
2026.09.23 12:00,4318.03,4320.31,4308.27,4314.10,4331.8911032322,4337.3143649793
2026.09.23 13:00,4314.15,4318.92,4312.28,4315.52,4329.3724719657,4335.6999675734
2026.09.23 14:00,4315.54,4317.03,4294.40,4309.56,4326.3243993556,4333.7636736791
2026.09.23 15:00,4309.51,4319.03,4300.69,4309.67,4323.7621840701,4331.9789571102
2026.09.23 16:00,4309.61,4313.45,4280.61,4283.72,4317.6018480594,4328.4042195465
2026.09.23 17:00,4283.72,4298.66,4277.76,4294.23,4314.0061791271,4325.8727958764
2026.09.23 18:00,4294.35,4297.33,4277.33,4282.14,4309.1036900307,4322.6333295152
2026.09.23 19:00,4282.16,4289.65,4278.40,4284.91,4305.3815838721,4319.8390088104
2026.09.23 20:00,4284.98,4293.35,4274.49,4292.79,4303.4444171225,4317.8353785281
2026.09.23 21:00,4292.85,4294.80,4282.86,4290.27,4301.4175837191,4315.7934986371
2026.09.23 22:00,4290.31,4293.28,4281.11,4284.14,4298.7594939161,4313.4487950344
2026.09.24 01:00,4283.66,4294.26,4280.74,4289.24,4297.2949563906,4311.6555509578
2026.09.24 02:00,4289.20,4293.04,4284.82,4288.41,4295.9280400228,4309.9336582942
2026.09.24 03:00,4288.39,4299.08,4283.70,4298.39,4296.3068030962,4309.0785724947
2026.09.24 04:00,4298.53,4303.22,4277.64,4278.89,4293.6272949276,4306.8423819395
2026.09.24 05:00,4278.89,4296.78,4273.35,4290.61,4293.1630957079,4305.6399832773
2026.09.24 06:00,4290.61,4293.72,4280.32,4284.82,4291.8795425221,4304.0977622938
2026.09.24 07:00,4284.87,4290.22,4281.52,4289.31,4291.4842282879,4303.0023724943
2026.09.24 08:00,4289.29,4296.12,4277.33,4279.10,4289.5789623975,4301.2318263836
2026.09.24 09:00,4278.98,4286.63,4274.06,4276.26,4287.5298912594,4299.3820614663
2026.09.24 10:00,4276.20,4287.91,4274.13,4278.38,4286.1222156810,4297.8263532095
2026.09.24 11:00,4278.31,4285.41,4260.60,4261.29,4282.3018748070,4295.1199566755
2026.09.24 12:00,4261.11,4267.22,4250.68,4255.31,4278.1492786829,4292.1710709958
2026.09.24 13:00,4255.31,4264.43,4244.03,4258.17,4275.0755435009,4289.6524731443
2026.09.24 14:00,4258.08,4267.82,4251.92,4265.80,4273.6485368084,4287.8856232817
2026.09.24 15:00,4265.77,4283.18,4260.36,4280.99,4274.7779926841,4287.3748363720
2026.09.24 16:00,4281.02,4284.89,4264.66,4267.35,4273.6352245788,4285.8915151592
2026.09.24 17:00,4267.14,4273.05,4252.34,4252.94,4270.4513438744,4283.4506621845
2026.09.24 18:00,4252.94,4260.53,4244.66,4256.64,4268.3265217399,4281.4646872079
2026.09.24 19:00,4256.66,4288.30,4252.61,4273.08,4269.0578260876,4280.8435992665
2026.09.24 20:00,4273.06,4277.96,4257.85,4264.76,4268.3966220741,4279.6522215431
2026.09.24 21:00,4264.76,4281.53,4256.10,4271.77,4268.9156032935,4279.0683532806
2026.09.24 22:00,4271.84,4275.88,4266.84,4273.80,4269.6670489406,4278.6781048895
2026.09.25 01:00,4270.40,4275.67,4259.95,4272.19,4270.0551952575,4278.1975045273
2026.09.25 02:00,4272.22,4275.64,4264.63,4264.69,4269.2297806025,4277.1969486364
2026.09.25 03:00,4264.91,4280.90,4264.15,4278.32,4270.6282758944,4277.2801376263
2026.09.25 04:00,4278.27,4295.63,4276.76,4287.75,4273.2623872953,4278.0556829873
2026.09.25 05:00,4287.83,4295.17,4277.42,4283.61,4274.8543277114,4278.4671138771
